Week of fetchdate_orig	page_domain_root	page_url	title_new	Distinct count of ID
25 July 2022	riafan.ru	https://riafan.ru/23563512-razveyannii_mif_ob_izolyatsii_rossii_vizval_paniku_vo_frantsii_i_ssha	развеянный миф об  изоляции  россии вызвал панику во франции и сша	1
25 July 2022	riafan.ru	https://riafan.ru/23562710-rossiya_menyaet_konfiguratsiyu_ssha_okazalis_v_izolyatsii_dazhe_v_zapadnom_polusharii	россия меняет конфигурацию  сша оказались в изоляции даже в западном полушарии	1
25 July 2022	riafan.ru	https://riafan.ru/23557073-ft_afrikanskoe_turne_lavrova_prodemonstrirovalo_neudachu_zapada_s_izolyatsiei_rossii	ft  африканское турне лаврова продемонстрировало неудачу запада с изоляцией россии	1
25 July 2022	riafan.ru	https://riafan.ru/23556163-_vospalennoe_voobrazhenie_posol_stvo_rossii_v_ssha_otvetilo_na_zayavlenie_gosdepa_ob_izolyatsii_moskvi	воспаленное воображение   посольство россии в сша ответило на заявление госдепа об изоляции москвы	1
18 July 2022	riafan.ru	https://riafan.ru/23553960-mk_lavrov_razbil_tezis_zapada_ob_izolyatsii_rossii_v_iyul_skom_turne_po_miru	мк  лавров разбил тезис запада об  изоляции  россии в июльском турне по миру	1
18 July 2022	riafan.ru	https://riafan.ru/23553408-satanovskii_podnyal_na_smeh_ssha_za_popitki_sozdat_illyuziyu_izolyatsii_rossii	сатановский поднял на смех сша за попытки создать иллюзию изоляции россии	1
18 July 2022	riafan.ru	https://riafan.ru/23547166-zaharova_ne_uvidela_logiki_v_vipade_ssha_ob_izolyatsii_rossii	захарова не увидела логики в выпаде сша об  изоляции  россии	1
18 July 2022	riafan.ru	https://riafan.ru/23547029-_nevernaya_otsenka_peskov_otvetil_na_vipad_ssha_ob_izolyatsii_rossii	неверная оценка   песков ответил на выпад сша об изоляции россии	1
11 July 2022	riafan.ru	https://riafan.ru/23531997-mezhdunarodnaya_izolyatsiya_rossii_i_natsisti_v_tyur_me_kakie_feiki_rasprostranili_na_ukraine_11_iyulya	международная изоляция россии и нацисты в тюрьме   какие фейки распространили на украине    июля	1
20 June 2022	riafan.ru	https://riafan.ru/23500847-_zona_blokadi_ruslan_kitaigorodskii_o_popitkah_ekonomicheskoi_izolyatsii_rossii	зона блокады   руслан китайгородский о попытках экономической изоляции россии	1
20 June 2022	riafan.ru	https://riafan.ru/23496320-junge_welt_pmef_2022_pokazal_proval_popitok_zapada_po_izolyatsii_rossii	junge welt  пмэф      показал провал попыток запада по  изоляции  россии	1
13 June 2022	riafan.ru	https://riafan.ru/23492603-putin_otkazalsya_vesti_rossiyu_po_puti_samoizolyatsii	путин отказался вести россию по пути самоизоляции	1
13 June 2022	riafan.ru	https://riafan.ru/23486977-peskov_ukazal_na_besperspektivnost_izolyatsii_rossii_so_storoni_zapada	песков указал на бесперспективность изоляции россии со стороны запада	1
30 May 2022	riafan.ru	https://riafan.ru/23471556-politolog_diskin_pitayas_izolirovat_rossiyu_zapad_sam_okazalsya_na_grani_raskola	политолог дискин  пытаясь изолировать россию  запад сам оказался на грани раскола	1
23 May 2022	riafan.ru	https://riafan.ru/23460387-amerikanskie_eksperti_konstatirovali_proval_politiki_ssha_po_izolyatsii_rossii	американские эксперты констатировали провал политики сша по изоляции россии	1
23 May 2022	riafan.ru	https://riafan.ru/23457668-na_konu_gegemoniya_ssha_pochemu_zapad_ne_smog_izolirovat_rossiyu	на кону гегемония сша  почему запад не смог изолировать россию	1
16 May 2022	riafan.ru	https://riafan.ru/23426149-nebenzya_obvinil_zapad_v_podtalkivanii_mira_k_golodu_iz_za_stremleniya_izolirovat_rossiyu	небензя обвинил запад в подталкивании мира к голоду из за стремления изолировать россию	1
16 May 2022	riafan.ru	https://riafan.ru/23414821-popitki_zapada_izolirovat_rossiyu_obsudyat_v_shtabe_kiber_fronta_z	попытки запада изолировать россию обсудят в штабе кибер фронта z	1
9 May 2022	riafan.ru	https://riafan.ru/23193615-kongress_ssha_prinyal_initsiativi_kotorie_uzhestochat_sanktsii_i_izoliruyut_rossiyu	конгресс сша принял инициативы  которые ужесточат санкции и  изолируют  россию	1
25 April 2022	riafan.ru	https://riafan.ru/23160220-le_figaro_zapad_obrushil_suschestvuyuschii_miroporyadok_izolirovav_rossiyu_na_mezhdunarodnoi_arene	le figaro  запад обрушил существующий миропорядок  изолировав россию на международной арене	1
18 April 2022	riafan.ru	https://riafan.ru/23147162-eks_kantsler_germanii_shreder_zayavil_o_nevozmozhnosti_izolyatsii_rossii	экс канцлер германии шредер заявил о невозможности изоляции россии	1
18 April 2022	riafan.ru	https://riafan.ru/23116362-ssha_zhdet_proval_s_izolyatsiei_rossii_v_g20_nesmotrya_na_hitruyu_diplomaticheskuyu_igru	сша ждет провал с изоляцией россии в g    несмотря на хитрую дипломатическую игру	1
18 April 2022	riafan.ru	https://riafan.ru/23079284-amerikanskii_senator_kelli_zayavil_o_planah_ssha_ubedit_pyat_stran_izolirovat_rossiyu	американский сенатор келли заявил о планах сша убедить пять стран  изолировать  россию	1
11 April 2022	riafan.ru	https://riafan.ru/23078558-zhurnalisti_washington_post_raskrili_plani_ssha_i_evropi_po_izolyatsii_rossii	журналисты washington post раскрыли планы сша и европы по изоляции россии	1
4 April 2022	riafan.ru	https://riafan.ru/22872560-ekonomist_del_vall_popitka_izolirovat_rossiyu_uskorit_padenie_dollara	экономист дель валль  попытка изолировать россию ускорит падение доллара   федеральное агентство новостей no	1
4 April 2022	riafan.ru	https://riafan.ru/22872560-ekonomist_del_vall_popitka_izolirovat_rossiyu_uskorit_padenie_dollara	экономист дель валль  попытка изолировать россию ускорит падение доллара	1
28 March 2022	riafan.ru	https://riafan.ru/22631516-deputat_gosdumi_aksenenko_ekonomicheskaya_izolyatsiya_rossii_nevozmozhna	депутат госдумы аксененко  экономическая изоляция россии невозможна   федеральное агентство новостей no	1
28 March 2022	riafan.ru	https://riafan.ru/22590193-nebenzya_popitki_izolirovat_rossiyu_obernutsya_ekonomicheskim_krizisom_dlya_vsego_mira	небензя  попытки изолировать россию обернутся экономическим кризисом для всего мира   федеральное агентство новостей no	1
28 March 2022	riafan.ru	https://riafan.ru/22574378-shanhai_ushel_na_samuyu_masshtabnuyu_za_dva_goda_izolyatsiyu_iz_za_rosta_sluchaev_koronavirusa	шанхай ушел на самую масштабную за два года изоляцию из за роста случаев коронавируса   пожилые россияне получат в апреле повышенные выплаты   голос мордора  нравится  не нравится   газ за рубли  красавица   bloomberg  в нато произошел раскол по вопросу диалога с путиным об украине	1
21 March 2022	riafan.ru	https://riafan.ru/22568192-vnebrachnii_sin_aleksandra_semcheva_rasskazal_o_pervoi_vstreche_s_akterom	внебрачный сын александра семчева рассказал о первой встрече с актером   пожилые россияне получат в апреле повышенные выплаты   пожилые россияне получат в апреле повышенные выплаты   ск расследует жестокое убийство жительницы мариуполя националистами  азова    пожилые россияне получат в апреле повышенные выплаты   шанхай ушел на самую масштабную за два года изоляцию из за роста случаев коронавируса	1
21 March 2022	riafan.ru	https://riafan.ru/22037311-narkolaboratoriyu_obnaruzhili_v_samarskoi_oblasti	нарколабораторию обнаружили в самарской области   лавров исключил изоляцию россии из за санкций запада   народная милиция днр сообщила о ликвидации трех украинских ракет  точка у    песков прокомментировал ситуацию с видео  на котором пытают российских солдат   тюркин назвал предательством отъезд о дэлла из  динамо  по ходу плей офф	1
21 March 2022	riafan.ru	https://riafan.ru/22036893-kirkorov_napugal_beremennuyu_todorenko_na_shou_maska_	киркоров напугал беременную тодоренко на шоу  маска    мо рф продемонстрировало кадры сопровождения армейских колонн вертолетами ка    и ми  амтш   обстрелы всу в течение суток привели к ранениям    мирных жителей днр   всу обстреляли донецк из крупнокалиберной артиллерии и рсзо  град    народная милиция днр сообщила о ликвидации трех украинских ракет  точка у    политологи винокуров и ордуханян объяснили  почему западу больше не удастся заставить россию играть по своим правилам   уилл смит ударил криса рока по лицу за оскорбления в адрес его жены   шанхай ушел на самую масштабную за два года изоляцию из за роста случаев коронавируса	1
14 February 2022	riafan.ru	https://riafan.ru/1608946-the-washington-post-gambit-putina-razrushil-hitryi-plan-zapada-po-izolyacii-rossii	the washington post   гамбит путина  разрушил хитрый план запада по изоляции россии	1
7 February 2022	riafan.ru	https://riafan.ru/1604198-zaharova-ukazala-na-nesostoyatelnost-utverzhdenii-ob-izolyacii-rossii	захарова указала на несостоятельность утверждений об  изоляции  россии	1
7 February 2022	riafan.ru	https://riafan.ru/1604098-efir-prineset-li-polzu-ekonomike-rossii-izolyaciya-ot-aziatskogo-rynka-rabochei-sily	эфир  принесет ли пользу экономике россии изоляция от азиатского рынка рабочей силы	1
24 January 2022	riafan.ru	https://riafan.ru/1597079-v-mire-procvetaet-politika-dvoinykh-standartov-pochemu-zapadu-ne-udastsya-izolirovat-rossiyu	в мире процветает политика двойных стандартов  почему западу не удастся изолировать россию	1
25 July 2022	rt.com	https://russian.rt.com/world/news/1029899-posolstvo-gosdep-rossiya	в российском посольстве ответили на заявления госдепа об изоляции россии	1
20 June 2022	rt.com	https://russian.rt.com/world/news/1018545-rossiya-zapad-izolyaciya	financial times  западу не удастся изолировать россию от мира	1
13 June 2022	rt.com	https://russian.rt.com/world/news/1015688-putin-zapad-izolyaciya	welt  стратегия запада по изоляции россии и путина не работает	1
23 May 2022	rt.com	https://russian.rt.com/world/news/1008194-volodin-ssha-rossiya	володин заявил о провалившихся попытках сша и ес изолировать россию	1
23 May 2022	rt.com	https://russian.rt.com/world/news/1007109-posol-london-diplomaty	посол россии келин заявил о попытках лондона изолировать российских дипломатов	1
16 May 2022	rt.com	https://russian.rt.com/world/news/1005682-ekonomist-g7-rossiya-izolyaciya	экономист масленников прокомментировал заявление g  о планах изолировать россию от мировой экономики	1
16 May 2022	rt.com	https://russian.rt.com/world/news/1005624-strany-gruppy-semi-rossiya-izolyaciya	минфины g  пообещали продолжать  изолировать россию и белоруссию  от мировой экономики	1
16 May 2022	rt.com	https://russian.rt.com/world/news/1005319-oon-rossiya-zapad-postpred	небензя  запад стремится сломать хребет российской экономики и изолировать россию	1
16 May 2022	rt.com	https://russian.rt.com/world/news/1004237-estoniya-rossiya-izolyaciya	президент эстонии карис признал  что россию не удастся полностью изолировать	1
16 May 2022	rt.com	https://russian.rt.com/world/news/1003986-peskov-izolyaciya-nevozmozhnost	песков  политическая  экономическая и информационная изоляция россии невозможна	1
9 May 2022	rt.com	https://russian.rt.com/world/news/1001718-ssha-rossiya-izolyaciya	палата представителей сша одобрила ряд законопроектов об изоляции россии	1
18 April 2022	rt.com	https://russian.rt.com/world/news/992607-ekonomika-rossii-medvedev	экономист дудчак поддержал слова медведева о невозможности изоляции экономики россии	1
18 April 2022	rt.com	https://russian.rt.com/world/news/992582-medvedev-sankcii-ekonomicheskaya-voina	медведев  задушить и изолировать экономику россии не получится	1
11 April 2022	rt.com	https://russian.rt.com/world/news/990053-ssha-rossiya-sankcii	аналитик федосова  к союзникам сша приходит осознание последствий попыток  изолировать россию	1
11 April 2022	rt.com	https://russian.rt.com/world/news/989994-ssha-izolyaciya-rossiya	в минфине сша заявили о намерении усилить изоляцию россии на время спецоперации на украине	1
4 April 2022	rt.com	https://russian.rt.com/world/news/987077-germaniya-ekspert-sankcii	немецкий экономист бек заявил об изоляции запада после введения антироссийских санкций	1
28 March 2022	rt.com	https://russian.rt.com/world/news/984567-belorussiya-zapad-prichiny-izolyaciya	глава белорусского мид объяснил попытки запада изолировать белоруссию и россию	1
28 March 2022	rt.com	https://russian.rt.com/world/news/982236-lavrov-izolyaciya-rossiya	лавров  никакой изоляции россии нет	1
7 March 2022	rt.com	https://russian.rt.com/world/news/973233-mid-rossiya-sankcii	в мид россии заявили  что высокотехнологичные отрасли не окажутся в изоляции из за санкций	1
21 February 2022	rt.com	https://russian.rt.com/world/news/968496-izolyaciya-rossiya-swift	британский премьер джонсон назвал отключение россии от swift первым шагом к изоляции	1
24 January 2022	rt.com	https://russian.rt.com/world/news/952706-daniya-sankcii-rossiya-ukraina	политолог бальбек ответил на угрозы главы мид дании о полной изоляции россии	1
17 January 2022	rt.com	https://russian.rt.com/world/news/950639-ssha-rossiya-oon	постпред сша при оон рассказала о готовности добиваться  изоляции россии	1
25 July 2022	rt.com	https://russian.rt.com/world/article/1030479-zapad-izolyaciya-rossiya	ставка не сыграла   почему запад терпит неудачу в стремлении изолировать россию от остального мира	1
18 July 2022	rt.com	https://russian.rt.com/world/article/1029393-zapad-izolyaciya-strategiya-rossiya	единый фронт против кремля   как на западе постепенно признают провал стратегии по изоляции россии	1
18 July 2022	rt.com	https://russian.rt.com/world/article/1027581-rossiya-ssha-izolyaciya	гегемония вашингтона рухнула   почему сша не оставляют попыток изолировать россию на международной арене	1
30 May 2022	rt.com	https://russian.rt.com/world/article/1011302-zelenskii-goroda-pobratimy-izolyaciya-rossiya	фейк киевского режима   как украинские власти пытаются убедить запад в необходимости изолировать россию	1
30 May 2022	rt.com	https://russian.rt.com/world/article/1011302-zelenskii-goroda-pobratimy-izolyaciya-rossiya	фейк киевского режима   как украинские власти пытаются изолировать россию	1
18 April 2022	rt.com	https://russian.rt.com/world/article/994618-rossiya-germaniya-evrosoyuz-energonositeli	отображают действительность   почему в германии считают невозможной долгосрочную изоляцию россии	1
4 April 2022	rt.com	https://russian.rt.com/ussr/news/986603-litva-evropa-izolirovatsya-rossiya-kultura	спикер парламента литвы призвала европу изолироваться от россии в сфере культуры	1
25 July 2022	regnum.ru	https://regnum.ru/news/polit/3652337.html	в посольстве рф в сша раскритиковали заявления об изоляции россии	1
18 July 2022	regnum.ru	https://regnum.ru/news/polit/3650145.html	захарова опровергла заявления вашингтона о  растущей изоляции  россии	1
11 July 2022	regnum.ru	https://regnum.ru/news/polit/3646687.html	в расширении брикс увидели провал политики изоляции россии	1
20 June 2022	regnum.ru	https://regnum.ru/news/polit/3628898.html	financial times  запад не способен изолировать россию от мира	1
13 June 2022	regnum.ru	https://regnum.ru/news/polit/3622040.html	россия не пойдет пути изоляции и автаркии   путин	1
6 June 2022	regnum.ru	https://regnum.ru/news/polit/3613639.html	россия не так изолирована от остального мира  как думает запад   guardian	1
30 May 2022	regnum.ru	https://regnum.ru/news/polit/3609917.html	байден избавит саудовскую аравию от статуса  изгоя   ради изоляции россии	1
23 May 2022	regnum.ru	https://regnum.ru/news/polit/3601942.html	изоляции россии  не будет  вопрос в том  насколько она разрушит запад	1
23 May 2022	regnum.ru	https://regnum.ru/news/polit/3599879.html	посол россии объяснил попытки лондона изолировать российских дипломатов	1
4 April 2022	regnum.ru	https://regnum.ru/news/polit/3556182.html	постпред сша при оон  исключить россию из совбеза не можем  но  изолируем	1
4 April 2022	regnum.ru	https://regnum.ru/news/polit/3555344.html	политик  грузия не может быть изолированной от россии	1
28 February 2022	regnum.ru	https://regnum.ru/news/polit/3523332.html	сеть   вот тебе и мировая изоляция    италия выдаёт визы гражданам россии	1
21 February 2022	regnum.ru	https://regnum.ru/news/polit/3516380.html	президент латвии призвал к изоляции россии от остального мира	1
13 June 2022	regnum.ru	https://regnum.ru/news/economy/3620680.html	рынок россии практически изолирован от внешних финансовых шоков   эксперт	1
4 April 2022	regnum.ru	https://regnum.ru/news/economy/3554506.html	при дальнейшей изоляции экономики россии возможна рецессия   эксперт	1
25 July 2022	regnum.ru	https://regnum.ru/news/3655964.html	проблемы с изоляцией  сша не могут отгородить россию от остального мира	1
16 May 2022	regnum.ru	https://regnum.ru/news/3596834.html	сделать это не удастся    мишустин о попытках запад изолировать россию	1
16 May 2022	regnum.ru	https://regnum.ru/news/3596744.html	мишустин  запад хочет изолировать россию от мировой экономики	1
16 May 2022	regnum.ru	https://regnum.ru/news/3593468.html	глава эстонии заявил  что с  изоляцией россии  всё не так просто	1
18 April 2022	regnum.ru	https://regnum.ru/news/3570880.html	сеть   сами себя изолировали    кпп между россией и финляндией был закрыт	1
11 April 2022	regnum.ru	https://regnum.ru/news/3564591.html	лавров  россия ни от кого не отгораживается и не впадает в самоизоляцию	1
28 March 2022	regnum.ru	https://regnum.ru/news/3550285.html	сша и евросоюз обсудили новые шаги по изоляции экономики россии	1
28 March 2022	regnum.ru	https://regnum.ru/news/3547045.html	лавров  никакой изоляции россии нет	1
21 March 2022	regnum.ru	https://regnum.ru/news/3540822.html	глава мид эстонии  евросоюз продолжит изолировать россию	1
31 January 2022	regnum.ru	https://regnum.ru/news/3493646.html	никонов  сша в стремлении изолировать россию пошли на брикс	1
25 July 2022	ria.ru	https://ria.ru/20220729/izolyatsiya-1805955802.html	сша не удается изолировать россию  пишет ассошиэйтед пресс	1
25 July 2022	ria.ru	https://ria.ru/20220726/ssha-1804925276.html	посольство в сша отреагировало на заявление госдепа об  изоляции  россии	1
25 July 2022	ria.ru	https://ria.ru/20220726/izolyatsiya-1804964246.html	бывший замгенсека оон опроверг заявление сша об изоляции россии	1
25 July 2022	ria.ru	https://ria.ru/20220726/izolyatsiya-1804948943.html	захарова заявила о провале  крестового похода  запада по изоляции россии	1
25 July 2022	ria.ru	https://ria.ru/20220725/izolyatsiya-1804911415.html	в сша вновь заговорили об  изоляции  россии   риа новости	1
18 July 2022	ria.ru	https://ria.ru/20220719/sammit-1803589869.html	в сша заявили об  изоляции  россии после поездки путина на саммит в иран	1
11 July 2022	ria.ru	https://ria.ru/20220714/sanktsii-1801942189.html	запад признал поражение  почему мир не может изолировать россию	1
4 July 2022	ria.ru	https://ria.ru/20220709/blinken-1801402300.html	захарова назвала слова блинкена об  изоляции  россии на g   небылицами	1
20 June 2022	ria.ru	https://ria.ru/20220625/zapad-1798032654.html	западу не удается изолировать россию  заявил обозреватель financial times	1
20 June 2022	ria.ru	https://ria.ru/20220625/zapad-1798032654.html	financial times заявил о провальных попытках запада изолировать россию	1
20 June 2022	ria.ru	https://ria.ru/20220620/sanktsii-1796657081.html	в германии указали на реальное положение дел с попытками изоляции россии	1
30 May 2022	ria.ru	https://ria.ru/20220603/proval-1792775356.html	в сша признали провал попыток  изолировать  россию   риа новости	1
30 May 2022	ria.ru	https://ria.ru/20220603/proval-1792775356.html	в сша признали провал попыток изолировать россию	1
23 May 2022	ria.ru	https://ria.ru/20220524/diplomaty-1790403350.html	посол в лондоне обвинил британию в попытке изолировать дипломатов из россии	1
16 May 2022	ria.ru	https://ria.ru/20220517/izolyatsiya-1789095595.html	президент эстонии признал  что россию не удастся  полностью изолировать	1
9 May 2022	ria.ru	https://ria.ru/20220512/izolyatsiya-1788025173.html	в конгрессе одобрили инициативы по изоляции россии и ужесточению санкций	1
9 May 2022	ria.ru	https://ria.ru/20220510/izolyatsiya-1787711394.html	экономист рассказал  почему изоляция россии обречена на провал	1
28 March 2022	ria.ru	https://ria.ru/20220330/krizis-1780776417.html	небензя  попытки изолировать россию ведут к мировому экономическому кризису	1
21 March 2022	ria.ru	https://ria.ru/20220325/izolyatsiya-1780043031.html	в кремле назвали политику сша по изоляции россии несостоятельной	1
28 February 2022	ria.ru	https://ria.ru/20220304/izolyatsiya-1776426113.html	глава мид германии пригрозила россии глобальной изоляцией	1
21 February 2022	ria.ru	https://ria.ru/20220227/swift-1775322443.html	джонсон назвал отключение от swift первым шагом изоляции россии	1
7 February 2022	ria.ru	https://ria.ru/20220209/izolyatsiya-1771904268.html	захарова опровергла утверждения об  изоляции  россии   риа новости	1
25 July 2022	lenta.ru	https://lenta.ru/news/2022/07/29/isolate/	захарова прокомментировала изоляцию россии со стороны запада	1
25 July 2022	lenta.ru	https://lenta.ru/news/2022/07/26/posolstvo_otvet/	посольство ответило на заявления госдепа об изоляции россии	1
25 July 2022	lenta.ru	https://lenta.ru/news/2022/07/26/ned_price/	представитель госдепа заявил об изоляции россии из за украины	1
18 July 2022	lenta.ru	https://lenta.ru/news/2022/07/20/izolation/	в кремле отреагировали на заявление сша об изоляции россии	1
18 July 2022	lenta.ru	https://lenta.ru/news/2022/07/20/izolation/	в кремле отреагировали на заявление сша о растущей изоляции россии	1
18 July 2022	lenta.ru	https://lenta.ru/news/2022/07/19/izolyacia/	в сша увидели  изоляцию  россии в поездке путина на саммит в тегеран	1
20 June 2022	lenta.ru	https://lenta.ru/news/2022/06/25/ftft/	на западе признали невозможность изолировать россию от мира	1
13 June 2022	lenta.ru	https://lenta.ru/news/2022/06/17/isolation/	в германии пожаловались на провал попыток запада изолировать россию и путина	1
13 June 2022	lenta.ru	https://lenta.ru/news/2022/06/15/zakh_izolyaciya/	захарова заявила об изолированности запада из за антироссийских санкций	1
16 May 2022	lenta.ru	https://lenta.ru/news/2022/05/17/estonia/	президент эстонии заявил о невозможности полностью изолировать россию	1
9 May 2022	lenta.ru	https://lenta.ru/news/2022/05/14/akcent/	посол антонов заявил об акценте сша на ослабление россии для ее изоляции	1
9 May 2022	lenta.ru	https://lenta.ru/news/2022/05/13/proval/	в китае предрекли неизбежный провал попыткам запада изолировать россию	1
9 May 2022	lenta.ru	https://lenta.ru/news/2022/05/09/afrika_zapad/	открытое давление запада в вопросе изоляции россии назвали  выстрелом в ногу	1
25 April 2022	lenta.ru	https://lenta.ru/news/2022/04/27/isolation/	хуснуллин оценил риски изоляции для российской экономики	1
11 April 2022	lenta.ru	https://lenta.ru/news/2022/04/13/perestroika/	экономист высказался о судьбе российской экономики в  изолированном формате	1
11 April 2022	lenta.ru	https://lenta.ru/news/2022/04/12/izolation/	путин заявил о невозможности изолировать россию	1
4 April 2022	lenta.ru	https://lenta.ru/news/2022/04/07/isolyaciya/	в германии рассказали об обратном эффекте попыток изолировать россию	1
4 April 2022	lenta.ru	https://lenta.ru/news/2022/04/06/izolyaciya/	байден пообещал усилить экономическую изоляцию россии из за ситуации на украине	1
21 February 2022	lenta.ru	https://lenta.ru/news/2022/02/21/izolyatsiya/	изоляцию россии от международных финансовых рынков назвали нереалистичной	1
17 January 2022	lenta.ru	https://lenta.ru/news/2022/01/21/obespokoilis/	сша предупредили россию об изоляции в случае вторжения на украину	1
21 February 2022	lenta.ru	https://lenta.ru/articles/2022/02/25/barabanov/	изоляция россию не испугает  почему москва решила начать операцию в донбассе и как она изменит европейскую безопасность	1
25 July 2022	pravda.ru	https://www.pravda.ru/world/1730492-rossija_iran_turcija/	бескровная победа путина  изолируя россию  запад сам себя изолирует	1
13 June 2022	pravda.ru	https://www.pravda.ru/world/1718784-izoljacija_rossii/	zerohedge  сша обманывают всех   ни о какой изоляции россии и речи нет	1
4 July 2022	pravda.ru	https://www.pravda.ru/news/world/1725521-lavrov_izoljacija_dzhonson/	лавров  вместо россии был изолирован джонсон	1
23 May 2022	pravda.ru	https://www.pravda.ru/news/world/1712639-ssha_rossija_izoljacija/	план сша изолировать россию от мира провалился   politico	1
2 May 2022	pravda.ru	https://www.pravda.ru/news/world/1706839-ukraina/	страны g  пообещали ещё больше изолировать россию и не допустить её победы на украине	1
11 April 2022	pravda.ru	https://www.pravda.ru/news/world/1698491-vashington_obeschaet/	вашингтон пообещал усиливать изоляцию россии до окончания спецоперации	1
4 April 2022	pravda.ru	https://www.pravda.ru/news/world/1696320-litva/	россия быстро не выздоровеет  её надо изолировать во всём   спикер литовского сейма	1
4 April 2022	pravda.ru	https://www.pravda.ru/news/world/1696320-litva/	россию надо изолировать во всём  заявила спикер литовского сейма	1
21 March 2022	pravda.ru	https://www.pravda.ru/news/world/1692186-antirossiiskie_sankcii/	в евросоюзе пообещали продолжить изолировать россию	1
21 March 2022	pravda.ru	https://www.pravda.ru/news/world/1691982-germanija/	бербок пообещала полностью изолировать российский режим  от мира  который верит в порядок	1
28 February 2022	pravda.ru	https://www.pravda.ru/news/world/1688086-ssha_evropa_sankcii_peskov/	россии не грозит изоляция из за санкций сша и европы  заявил песков	1
28 February 2022	pravda.ru	https://www.pravda.ru/news/world/1687732-berbok/	путину фрг обещает  глобальную изоляцию россии	1
28 March 2022	pravda.ru	https://www.pravda.ru/news/politics/1694421-medvedev_ekonomika_khaos/	медведев  россию пытаются изолировать и ввергнуть в экономический хаос	1
21 February 2022	pravda.ru	https://www.pravda.ru/news/politics/1686328-sankcii_udarjat_po_zapadu/	изоляция россии оглушительно ударит по мировой экономике   западные эксперты	1
21 February 2022	pravda.ru	https://www.pravda.ru/news/politics/1686328-sankcii_udarjat_po_zapadu/	западные эксперты  изоляция россии оглушительно ударит по мировой экономике	1
9 May 2022	pravda.ru	https://www.pravda.ru/economics/1707332-izoljacija_rossii/	попытки изолировать россию грозят европе коллапсом	1
27 June 2022	mk.ru	https://www.mk.ru/science/2022/07/03/rossiyskoamerikanskiy-lunnyy-ekipazh-perezhil-nachalo-specoperacii-na-ukraine-v-izolyacii.html	российско американский лунный экипаж пережил начало спецоперации на украине в изоляции	1
21 March 2022	mk.ru	https://www.mk.ru/science/2022/03/23/nasa-ssha-i-rossiya-prodolzhat-sovmestnyy-izolyacionnyy-eksperiment.html	nasa  сша и россия продолжат совместный изоляционный эксперимент	1
25 July 2022	mk.ru	https://www.mk.ru/politics/2022/07/25/gosdep-ssha-vnov-zagovoril-ob-izolyacii-rossii.html	госдеп сша вновь заговорил об  изоляции  россии	1
18 July 2022	mk.ru	https://www.mk.ru/politics/2022/07/24/ni-zapadu-ne-udalos-izolirovat-rossiyu.html	ni  западу не удалось изолировать россию	1
20 June 2022	mk.ru	https://www.mk.ru/politics/2022/06/25/financial-times-obyasnil-pochemu-zapadu-ne-udaetsya-izolirovat-rossiyu.html	financial times объяснил  почему западу не удается изолировать россию	1
20 June 2022	mk.ru	https://www.mk.ru/politics/2022/06/24/ft-zapadu-ne-udastsya-izolirovat-rossiyu-izza-ukrainskogo-konflikta.html	ft  западу не удастся изолировать россию из за украинского конфликта	1
30 May 2022	mk.ru	https://www.mk.ru/politics/2022/06/03/uchenyy-molouni-v-ssha-priznali-proval-popytok-izolirovat-rossiyu.html	ученый молоуни  в сша признали провал попыток  изолировать  россию	1
23 May 2022	mk.ru	https://www.mk.ru/politics/2022/05/26/eksperty-nazvali-usiliya-ssha-po-izolyacii-rossii-na-mirovoy-arene-terpyashhimi-neudachu.html	эксперты назвали усилия сша по изоляции россии на мировой арене терпящими неудачу	1
25 April 2022	mk.ru	https://www.mk.ru/politics/2022/04/27/putin-rossiya-otvetit-na-popytki-ee-izolirovat-otkrytostyu-i-svobodoy-biznesa.html	путин  россия ответит на попытки ее изолировать  открытостью  и  свободой бизнеса	1
18 April 2022	mk.ru	https://www.mk.ru/politics/2022/04/18/v-ssha-raskryli-plan-dolgosrochnoy-izolyacii-rossii.html	в сша раскрыли план долгосрочной изоляции россии	1
28 March 2022	mk.ru	https://www.mk.ru/politics/2022/03/31/diplomaty-ssha-i-es-obsudili-dopolnitelnye-shagi-po-izolyacii-rossii.html	дипломаты сша и ес обсудили дополнительные шаги по изоляции россии	1
24 January 2022	mk.ru	https://www.mk.ru/politics/2022/01/28/ukraina-izoliruetsya-ot-energosistem-rossii-i-belorussii.html	украина изолируется от энергосистем россии и белоруссии	1
9 May 2022	mk.ru	https://www.mk.ru/economics/2022/05/10/ekonomist-kochetkov-izolyaciya-rossii-nevozmozhna-izza-ee-resursov.html	экономист кочетков  изоляция россии невозможна из за ее ресурсов	1
4 April 2022	mk.ru	https://www.mk.ru/economics/2022/04/07/nemeckiy-ekonomist-bek-antirossiyskie-sankcii-priveli-k-izolyacii-zapada.html	немецкий экономист бек  антироссийские санкции привели к изоляции запада	1
28 February 2022	vestikavkaza.ru	https://vestikavkaza.ru/news/v-kremle-ocenili-smogut-li-evropa-i-ssa-izolirovat-rossiu.html	в кремле оценили  смогут ли европа и сша изолировать россию	1
18 July 2022	vestikavkaza.ru	https://vestikavkaza.ru/news/v-germanii-zaavili-cto-rossiu-nevozmozno-izolirovat.html	в германии заявили  что россию невозможно изолировать	1
16 May 2022	vestikavkaza.ru	https://vestikavkaza.ru/news/strany-g7-prodolzat-izolaciu-rossii-ot-mirovoj-ekonomiki.html	страны g  продолжат изоляцию россии от мировой экономики	1
11 April 2022	vestikavkaza.ru	https://vestikavkaza.ru/news/ssa-prodolzat-usilivat-izolaciu-rossii.html	сша продолжат усиливать изоляцию россии	1
21 March 2022	vestikavkaza.ru	https://vestikavkaza.ru/news/mid-estonii-es-prodolzit-izolirovat-rossiu.html	мид эстонии  ес продолжит изолировать россию	1
11 April 2022	vestikavkaza.ru	https://vestikavkaza.ru/news/lavrov-rossia-ni-ot-kogo-ne-otgorazivaetsa-i-ne-vpadaet-v-samoizolaciu.html	лавров  россия ни от кого не отгораживается и не впадает в самоизоляцию	1
28 February 2022	vestikavkaza.ru	https://vestikavkaza.ru/news/germania-prigrozila-rossii-globalnoj-izolaciej.html	германия пригрозила россии глобальной изоляцией	1
21 February 2022	vestikavkaza.ru	https://vestikavkaza.ru/news/evrosouz-poobesal-ukraine-izolirovat-rossiu.html	евросоюз пообещал украине изолировать россию	1
21 February 2022	vestikavkaza.ru	https://vestikavkaza.ru/news/dzonson-rasskazal-o-pervom-sage-k-izolacii-rossii.html	джонсон рассказал о первом шаге к изоляции россии	1
30 May 2022	vestikavkaza.ru	https://vestikavkaza.ru/interview/vostokoved-ssa-ne-smogli-izolirovat-rossiu-v-persidskom-zalive.html	мурад садыгзаде  сша не смогли изолировать россию в персидском заливе	1
4 July 2022	vestikavkaza.ru	https://vestikavkaza.ru/analytics/u-g7-ne-polucaetsa-izolirovat-rossiu-na-g20.html	у g  не получилось изолировать россию в g	1
28 February 2022	vestikavkaza.ru	https://vestikavkaza.ru/analytics/izolirovannaa-s-zapada-rossia-smotrit-na-vostok.html	изолированная с запада россия смотрит на восток	1
6 June 2022	pda.kp.ru	https://pda.kp.ru/online/news/4784481/	захарова заявила  что попытки запада изолировать россию в арктике иллюзорны	1
23 May 2022	pda.kp.ru	https://pda.kp.ru/online/news/4760260/	глава минторга сша раймондо призвала страны изолировать россию от преимуществ мировой экономики	1
18 April 2022	pda.kp.ru	https://pda.kp.ru/online/news/4720157/	экс канцлер германии шрёдер заявил  что россию невозможно изолировать в долгосрочной перспективе	1
11 April 2022	pda.kp.ru	https://pda.kp.ru/online/news/4703520/	путин заявил  что изолировать россию невозможно	1
28 March 2022	pda.kp.ru	https://pda.kp.ru/online/news/4687075/	дипломаты сша и евросоюза обсудили новые шаги для  изоляции  российской экономики	1
21 March 2022	pda.kp.ru	https://pda.kp.ru/online/news/4680107/	песков назвал политику сша по изоляции россии несостоятельной	1
21 March 2022	pda.kp.ru	https://pda.kp.ru/online/news/4679983/	лавров заявил  что самоизолироваться россия не будет	1
7 March 2022	pda.kp.ru	https://pda.kp.ru/online/news/4656696/	премьер эстонии призвала  изолировать россию от свободного мира	1
28 February 2022	pda.kp.ru	https://pda.kp.ru/online/news/4654035/	песков об изоляции россии   сша и европа   не весь мир	1
28 February 2022	pda.kp.ru	https://pda.kp.ru/online/news/4649551/	лавров рассказал  почему невозможно изолировать россию	1
21 February 2022	pda.kp.ru	https://pda.kp.ru/online/news/4637760/	экономист беляев заявил  что сша не сможет изолировать россию от международных финансовых рынков	1
4 April 2022	pda.kp.ru	https://pda.kp.ru/daily/27375/4568438/	что будет с российской медициной в условиях санкций и международной изоляции	1
18 July 2022	gazeta.ru	https://www.gazeta.ru/politics/news/2022/07/20/18167324.shtml	представитель мид рф захарова назвала  абсурдом  слова белого дома об изоляции россии   газета ru	1
18 July 2022	gazeta.ru	https://www.gazeta.ru/politics/news/2022/07/20/18167324.shtml	в мид рф назвали  абсурдом  слова белого дома об изоляции россии   газета ru	1
18 July 2022	gazeta.ru	https://www.gazeta.ru/politics/news/2022/07/19/18160922.shtml	в белом доме заявили об  изоляции  россии после поездки путина на саммит в иран   газета ru	1
18 July 2022	gazeta.ru	https://www.gazeta.ru/politics/news/2022/07/19/18154466.shtml	посольство рф в сша опровергло заявления госдепа о  международной изоляции  россии   газета ru	1
20 June 2022	gazeta.ru	https://www.gazeta.ru/politics/news/2022/06/24/17994536.shtml	лидеры g  обсудят меры по усилению экономической изоляции россии   газета ru	1
13 June 2022	gazeta.ru	https://www.gazeta.ru/politics/news/2022/06/17/17948798.shtml	welt указала на провал стратегии запада по изоляции россии   газета ru	1
13 June 2022	gazeta.ru	https://www.gazeta.ru/politics/news/2022/06/17/17948798.shtml	welt указал на провал стратегии запада по изоляции россии   газета ru	1
18 July 2022	gazeta.ru	https://www.gazeta.ru/politics/2022/07/24/15174644.shtml	в сша заявили  что кампания запада по изоляции россии провалилась	1
18 July 2022	gazeta.ru	https://www.gazeta.ru/politics/2022/07/19/15150128.shtml	россия демонстрирует отсутствие изоляции   зачем путин приехал в тегеран	1
17 January 2022	gazeta.ru	https://www.gazeta.ru/politics/2022/01/22/14448175.shtml	полную изоляцию россии обеспечить невозможно   берлин пошел против вашингтона	1
20 June 2022	gazeta.ru	https://www.gazeta.ru/business/news/2022/06/23/17994404.shtml	в белом доме заявили  что страны g  обсуждают новые меры по изоляции российской экономики   газета ru	1
13 June 2022	argumenti.ru	https://argumenti.ru/world/2022/06/776130	сша не смогли изолировать россию от остального мира	1
16 May 2022	argumenti.ru	https://argumenti.ru/world/2022/05/772120	американский экономист джеффри сакс не верит в изоляцию россии	1
21 February 2022	argumenti.ru	https://argumenti.ru/world/2022/02/761595	глава канадского мид мелани жоли  страны запада намерены изолировать россию из за ситуации на украине	1
9 May 2022	argumenti.ru	https://argumenti.ru/society/2022/05/771943	глава мид лавров  попытки изолировать россию обречены	1
25 July 2022	argumenti.ru	https://argumenti.ru/politics/2022/07/782426	мария захарова  попытки запада изолировать россию ставят его в глупое положение и заводят в тупик	1
18 July 2022	argumenti.ru	https://argumenti.ru/politics/2022/07/781572	захарова  комментируя тезис белого дома об изоляции россии  обвинила вашингтон  в отсутствии логики	1
18 July 2022	argumenti.ru	https://argumenti.ru/politics/2022/07/781197	политолог казанов  визит путина в тегеран важен  чтобы доказать   россия не находится в дипломатической изоляции	1
20 June 2022	argumenti.ru	https://argumenti.ru/politics/2022/06/777789	ft  усилия запада по изоляции россии проваливаются  так как не предполагают какого либо внимания к интересам остальной части мира	1
9 May 2022	argumenti.ru	https://argumenti.ru/politics/2022/05/771711	китайский эксперт дэшен заявляет о неизбежном провале попыток запада изолировать россию	1
28 February 2022	argumenti.ru	https://argumenti.ru/politics/2022/03/762467	песков  европа и сша не смогут изолировать  такую большую страну  как россия	1
4 July 2022	argumenti.ru	https://argumenti.ru/opinion/2022/07/779219	парадигма экономической изоляции россии от мира   это путь к самоуничтожению и исчезновению сша	1
20 June 2022	runews24.ru	https://runews24.ru/politics/24/06/2022/1ce82923402bd908d38f57b267507321	ft  украинский кризис показал  что россию нельзя изолировать	1
18 April 2022	runews24.ru	https://runews24.ru/politics/24/04/2022/3f68da66bf7e365df2772328b67ae4d1	экс канцлер фрг шрёдер  россию нельзя изолировать ни политически  ни экономически	1
16 May 2022	runews24.ru	https://runews24.ru/politics/20/05/2022/6b57ec604c808798f89733538935b9f6	страны g  пообещали продолжить изолировать россию от глобальной экономики	1
11 April 2022	runews24.ru	https://runews24.ru/politics/12/04/2022/f7bf6dsc5027774f225b3f091e334052	владимир путин  изолировать россию от остального мира невозможно	1
7 March 2022	runews24.ru	https://runews24.ru/politics/09/03/2022/7e9228400643d55d17825f758720ee12	мид  высокотехнологичные отрасли россии не окажутся в изоляции из за санкций	1
7 March 2022	runews24.ru	https://runews24.ru/politics/08/03/2022/f7bf6ds26bb71a1d73eee42ff83fcfa8	премьер эстонии каллас  россию нужно изолировать от свободного мира	1
25 July 2022	runews24.ru	https://runews24.ru:443/politics/26/07/2022/6571fe4252fcf197055ceb06c11d4d34	в сша вновь заговорили об  изоляции  россии	1
25 July 2022	runews24.ru	https://runews24.ru:443/politics/26/07/2022/96b690s97e52326970b11442e2b66c63	посольство рф в сша  заявления госдепа об изоляции россии вызваны  воспаленным воображением	1
16 May 2022	runews24.ru	https://runews24.ru:443/politics/17/05/2022/acc8a6e9b101b3f18a6bf2a1108a6401	президент эстонии карис  россию невозможно изолировать полностью	1
13 June 2022	runews24.ru	https://runews24.ru:443/politics/14/06/2022/f7bf6ds3b554686e3459ccc9f48999d3	сенатор пушков  запад боится признать  что стремление изолировать россию вредит его собственной экономике	1
25 July 2022	aif.ru	https://aif.ru/politics/world/rossiyskoe_posolstvo_v_ssha_otvetilo_na_zayavlenie_gosdepa_ob_izolyacii_rf	российское посольство в сша ответило на заявление госдепа об изоляции рф	1
11 April 2022	aif.ru	https://aif.ru/politics/world/putin_rossiyu_nelzya_zhestko_izolirovat_v_sovremennom_mire	путин  россию нельзя жестко изолировать в современном мире	1
20 June 2022	aif.ru	https://aif.ru/politics/world/financial_times_zapadu_ne_udaetsya_izolirovat_rossiyu	financial times  западу не удается изолировать россию	1
18 July 2022	aif.ru	https://aif.ru/politics/russia/v_kremle_nazvali_mnenie_vashingtona_o_rastushchey_izolyacii_rossii_nevernym	в кремле назвали мнение вашингтона о растущей изоляции россии неверным	1
7 February 2022	aif.ru	https://aif.ru/politics/russia/mariya_zaharova_oprovergla_izolyaciyu_rossii	захарова опровергла заявления об  изоляции  россии	1
28 March 2022	aif.ru	https://aif.ru/politics/russia/lavrov_zayavil_chto_zapad_ne_smozhet_izolirovat_rossiyu_ot_ostalnogo_mira	лавров заявил  что запад не сможет изолировать россию от остального мира	1
13 June 2022	aif.ru	https://aif.ru/politics/rossiya_nikogda_ne_poydyot_po_puti_samoizolyacii_putin	россия никогда не пойдёт по пути самоизоляции   путин	1
28 February 2022	aif.ru	https://aif.ru/money/economy/v_kremle_uvereny_chto_inostrannye_kompanii_vernutsya_v_rossiyu	песков  санкции против россии не означают ее изоляцию	1
30 May 2022	kommersant.ru	https://www.kommersant.ru/doc/5391623	берлускони  россия изолирована от запада  запад   от всего остального мира	1
11 April 2022	kommersant.ru	https://www.kommersant.ru/doc/5305183	путин  россия не собирается изолироваться	1
28 February 2022	kommersant.ru	https://www.kommersant.ru/doc/5249117	песков считает  что санкции против россии не означают ее изоляцию	1
21 February 2022	kommersant.ru	https://www.kommersant.ru/doc/5229251	мид британии пообещал изолировать россию санкциями от глобальной экономики	1
25 July 2022	kommersant.ru	https://www.kommersant.ru:443/doc/5480588	посольство рф  вызывают недоумение заявления сша об изоляции россии	1
28 March 2022	kommersant.ru	https://www.kommersant.ru:443/doc/5283448	дипломаты сша и ес обсудили шаги по дальнейшей изоляции россии	1
28 March 2022	kommersant.ru	https://www.kommersant.ru:443/doc/5282658	небензя  попытки изолировать россию уже оборачиваются кризисом исторического масштаба	1
25 July 2022	inosmi.ru	https://inosmi.ru/20220725/rossiya-255166931.html	украинское зерно доказало провал попыток запада изолировать россию	1
18 July 2022	inosmi.ru	https://inosmi.ru/20220720/ekonomika-255097205.html	реальная ценность российской экономики  почему её изоляция   плохая идея	1
11 July 2022	inosmi.ru	https://inosmi.ru/20220712/politika-254979616.html	сша хотели изолировать россию  но эта страна отказалась им помочь	1
23 May 2022	inosmi.ru	https://inosmi.ru/20220525/diplomatiya-254279243.html	отношения россии и сша настолько плохи  что их послы оказались в изоляции	1
23 May 2022	inosmi.ru	https://inosmi.ru/20220523/rossiya-254238860.html	tac  изолируя россию  сша опасно толкают ее на союз с китаем	1
2 May 2022	inosmi.ru	https://inosmi.ru/20220505/sanktsii-254065178.html	план сша изолировать россию не сработал               иносми	1
14 March 2022	inosmi.ru	https://inosmi.ru/20220315/neft-253395548.html	ближний восток не спешит помогать байдену изолировать россию  названа причина	1
9 May 2022	rusplt.ru	https://rusplt.ru/policy/ukrainu-vooruzhat-rossiyu--627fa5d.html	украину вооружат  россию   изолируют	1
16 May 2022	rusplt.ru	https://rusplt.ru/policy/konechno-mi-ne-smozhem-6283c1a.html	конечно  мы не сможем   в европе признали невозможность изолировать россию полностью	1
28 February 2022	rusplt.ru	https://rusplt.ru/economy/obval-rublya-pokazal-stepen-621cbd9.html	обвал рубля показал степень изоляции россии  запад наблюдает за неприятностями россиян после санкций в выходные	1
21 February 2022	rusplt.ru	https://rusplt.ru/abroad/ssha-i-soyuzniki-obyavlyayut-621ab6b.html	сша и союзники объявляют о плане изоляции россии через swift	1
13 June 2022	pnp.ru	https://www.pnp.ru/politics/volodin-zapad-pytayas-izolirovat-rossiyu-izoliroval-sebya-sam.html	володин  запад  пытаясь изолировать россию  изолировал себя сам	1
25 April 2022	pnp.ru	https://www.pnp.ru/politics/putin-rasskazal-kak-rossiya-otvetit-na-topornye-popytki-ee-izolirovat.html	путин рассказал  как россия ответит на  топорные  попытки ее изолировать	1
21 March 2022	pnp.ru	https://www.pnp.ru/politics/klimov-popytka-izolirovat-rossiyu-svoditsya-k-samoizolyacii-zapada.html	климов  попытка изолировать россию сводится к самоизоляции запада	1
11 April 2022	pnp.ru	https://www.pnp.ru/politics/belousov-geopoliticheskie-protivniki-khotyat-izolirovat-rossiyu-ot-mirovoy-ekonomiki.html	белоусов  геополитические противники хотят изолировать россию от мировой экономики	1
21 March 2022	news.mail.ru	https://news.mail.ru/society/50558793/	сша и россия продолжат совместный изоляционный эксперимент	1
30 May 2022	news.mail.ru	https://news.mail.ru/politics/51615446/	берлускони  россия изолирована от запада  запад   от всего остального мира	1
11 April 2022	news.mail.ru	https://news.mail.ru/politics/50848944/	путин заявил о невозможности изолировать россию	1
4 April 2022	news.mail.ru	https://news.mail.ru/politics/50761446/	постпред сша при оон  нельзя исключить россию из сб  но можно ее изолировать там	1
25 July 2022	news-front.info	https://news-front.info/2022/07/28/popytki-zapadnyh-stran-izolirovat-rossiju-priveli-k-obratnomu-jeffektu/	попытки западных стран изолировать россию привели к обратному эффекту	1
27 June 2022	news-front.info	https://news-front.info/2022/06/27/u-ssha-net-shansov-izolirovat-rossiju/	у сша нет шансов изолировать россию	1
7 February 2022	news-front.info	https://news-front.info/2022/02/09/izolyatsii-net-zaharova-oprovergla-utverzhdeniya-o-tom-chto-v-rf-yakoby-nikto-ne-priezzhaet/	изоляции нет  захарова опровергла утверждения о том  что в рф якобы никто не приезжает   последние новости  россии  украины  сирии и мира  новости новороссии  лнр  днр	1
31 January 2022	news-front.info	https://news-front.info/2022/02/03/yuriy-selivanov-izolyatsiya-izolyatorov-prodolzhenie-sleduet/	юрий селиванов  изоляция изоляторов   продолжение следует   последние новости  россии  украины  сирии и мира  новости новороссии  лнр  днр	1
25 July 2022	vedomosti.ru	https://www.vedomosti.ru/politics/news/2022/07/26/933017-posolstvo-rf-zayavleniya-ssha-ob-izolyatsii	посольство россии  заявления сша об изоляции страны не выдерживают критики	1
11 April 2022	vedomosti.ru	https://www.vedomosti.ru/politics/news/2022/04/12/917706-putin-planov-izolirovatsya	путин заявил  что изолировать россию невозможно	1
28 February 2022	vedomosti.ru	https://www.vedomosti.ru/politics/news/2022/03/05/912376-peskov-otkazalsya-schitat-izolyatsiei-situatsiyu-s-rossiei	песков заявил  что россия не может оказаться в изоляции из за санкций	1
27 June 2022	ura.news	https://ura.news/news/1052565275	пушков  усилия запада по изоляции россии провалились  причина	1
20 June 2022	ura.news	https://ura.news/news/1052564651	financial times  запад провалил попытку изолировать россию	1
28 March 2022	ura.news	https://ura.news/news/1052541554	лавров заявил  что россия не находится в изоляции из за санкций	1
16 May 2022	tvc.ru	http://www.tvc.ru/news/show/id/240640	большая семерка  пообещала изолировать россию от мировой экономики	1
4 April 2022	tvc.ru	http://www.tvc.ru/news/show/id/237361	в берлине заявили об изоляции запада из за антироссийских санкций	1
28 March 2022	tvc.ru	http://www.tvc.ru/news/show/id/236750	представители сша и ес обсудили  изоляцию россии от экономик	1
28 February 2022	pln-pskov.ru	https://pln-pskov.ru/society/440651.html	хайпожоры   волна фейков и россия в it изоляции  видео	1
28 February 2022	pln-pskov.ru	https://pln-pskov.ru/society/440636.html	хайпожоры   волна фейков и россия в it изоляции	1
7 March 2022	pln-pskov.ru	https://pln-pskov.ru/allworld/440936.html	премьер министр эстонии заявила о необходимости  изолировать россию от свободного мира	1
11 April 2022	tatar-inform.ru	https://www.tatar-inform.ru/news/vice-premer-rf-zapad-pytaetsya-polnostyu-izolirovat-rossiyu-5862423	вице премьер рф  запад пытается полностью изолировать россию	1
25 July 2022	tatar-inform.ru	https://www.tatar-inform.ru/news/posolstvo-rf-nazvalo-vospalennym-voobrazeniem-zayavleniya-ssa-ob-izolyacii-rossii-5873946	посольство рф назвало  воспаленным воображением  заявления сша об изоляции россии	1
28 February 2022	tass.ru	https://tass.ru/mezhdunarodnaya-panorama/13916517	глава британского мид призвала изолировать россию на международной арене	1
21 February 2022	tass.ru	https://tass.ru/mezhdunarodnaya-panorama/13882981	глава мид литвы заявил  что целью запада является тотальная изоляция россии	1
7 March 2022	sevastopol.su	https://sevastopol.su/news/premera-estonii-predlozhivshuyu-sposob-izolirovat-rossiyu-podnyali-na-smeh	премьера эстонии  предложившую способ  изолировать россию   подняли на смех	1
28 February 2022	sevastopol.su	https://sevastopol.su/news/bayden-soobshchil-o-fakte-kotoryy-dokazyvaet-izolyaciyu-rossii	байден сообщил о факте  который доказывает изоляцию россии	1
16 May 2022	rg.ru	https://rg.ru/2022/05/20/mishustin-zapadu-ne-udastsia-izolirovat-rossiiu-ot-mirovoj-ekonomiki.html	мишустин  западу не удастся изолировать россию от мировой экономики	1
16 May 2022	rg.ru	https://rg.ru/2022/05/17/prezident-estonii-priznal-nevozmozhnost-izoliacii-rossii.html	президент эстонии признал невозможность изоляции россии	1
31 January 2022	pronedra.ru	https://pronedra.ru/budut-li-vlasti-rossii-vvodit-rezhim-samoizolyaczii-s-7-fevralya-2022-goda-636946.html	будет ли самоизоляция с   февраля      года в россии  что говорят медведев и песков о локдауне	1
17 January 2022	pronedra.ru	https://pronedra.ru/budut-li-v-rossii-zakryvat-na-izolyacziyu-doma-prestarelyh-v-2022-godu-633911.html	будут ли закрывать на изоляцию дома престарелых в россии в январе      года  что об этом известно	1
25 July 2022	m24.ru	https://www.m24.ru/news/politika/27072022/485375	запад заходит в тупик в попытках изолировать россию   мид рф	1
27 June 2022	m24.ru	https://www.m24.ru/news/nauka/30062022/476456	ученые сша и европы примут участие в российском изоляционном эксперименте sirius	1
28 February 2022	life.ru	https://life.ru/p/1475624	используете двойные стандарты   как спортсмены во всём мире выступают против изоляции россиян из за  операции z	1
28 February 2022	life.ru	https://life.ru/p/1475303	вне политики   как запад изолирует российский спорт на фоне событий на украине	1
9 May 2022	forbes.ru	https://www.forbes.ru/finansy/465573-ekonomisty-dopustili-padenie-vvp-rossii-na-25-pri-polnoj-izolacii-strany	экономисты допустили падение ввп россии на     при полной изоляции страны	1
7 March 2022	forbes.ru	https://www.forbes.ru/finansy/458337-iranskij-sindrom-cem-mozet-obernut-sa-mezdunarodnaa-izolacia-dla-ekonomiki-rossii	иранский синдром  чем может обернуться международная изоляция для экономики россии	1
4 July 2022	fontanka.ru	https://www.fontanka.ru/2022/07/09/71476109/	блинкен и захарова поспорили об изоляции россии    июля      г    власть   новости санкт петербурга	1
28 February 2022	fontanka.ru	https://www.fontanka.ru/2022/03/03/70484282/	человеческая жизнь стоит выше  чем спорт   ожидали ли депутаты спортсмены  голосуя за независимость лнр и днр  что это приведет к изоляции российского спорта	1
21 February 2022	dni.ru	https://dni.ru/ukraine/2022/2/25/500249.html	изолировать правителей россии   в ес назвали цель второго пакета санкций	1
28 February 2022	dni.ru	https://dni.ru/polit/2022/3/5/500842.html	западные санкции не смогут привести россию к полной изоляции  последние новости  сегодня    политика    дни ру	1
20 June 2022	bloknot.ru	https://bloknot.ru/v-mire/zapadnaya-propaganda-pishet-ob-izolyatsii-rossii-skry-vaya-istinnoe-polozhenie-del-945170.html	западная пропаганда пишет об изоляции россии  скрывая истинное положение дел	1
13 June 2022	bloknot.ru	https://bloknot.ru/politika/e-konomicheskij-forum-v-sankt-peterburge-dokazy-vaet-plany-zapada-po-izolyatsii-rossii-provalilis-942540.html	экономический форум в санкт петербурге доказывает  планы запада по изоляции россии провалились	1
21 February 2022	1prime.ru	https://1prime.ru/state_regulation/20220227/836194728.html	глава мид украины призвал к финансовой изоляции россии	1
21 March 2022	1prime.ru	https://1prime.ru/exclusive/20220322/836447794.html	экономист объяснил  зачем россии нужна изоляция от сша	1
28 February 2022	trud.ru	https://www.trud.ru/article/05-03-2022/1413398_izoljatsija_rossii_nevozmozhna_zajavil_spiker_putina.html	изоляция россии невозможна  заявил спикер путина	1
23 May 2022	rueconomics.ru	https://rueconomics.ru/23455155-chitateli_en_son_haber_vismeyali_zelenskogo_posle_ego_prizivov_izolirovat_rossiyu	читатели en son haber высмеяли зеленского после его призывов изолировать россию	1
27 December 2021	ridus.ru	https://www.ridus.ru/news/370160	россия готова ответить на санкции самоизоляцией	1
16 May 2022	rbc.ru	https://www.rbc.ru/politics/18/05/2022/62840cfb9a7947259c62e360	президент эстонии назвал невозможной полную изоляцию россии	1
28 March 2022	primamedia.ru	https://primamedia.ru/news/1261463/	на западе выступают против изоляции россии	1
28 March 2022	polit.ru	https://polit.ru/news/2022/04/01/anti_isolation/	писатель борис акунин выступил против культурной изоляции россии со стороны запада	1
11 April 2022	newsler.ru	https://www.newsler.ru/politics/2022/04/12/putin-rossiya-ne-sobiraetsya-izolirovatsya	путин  россия не собирается изолироваться	1
21 February 2022	mospravda.ru	https://mospravda.ru/2022/02/25/337025/	сша уводят запад на самоизоляцию и вводят санкции независимо от действий россии	1
18 July 2022	military.pravda.ru	https://military.pravda.ru/news/1728636-poezdka_putina_v_iran_pokazyvaet/	кирби  визит путина в иран показывает степень изоляции россии в мире	1
21 February 2022	interfax.ru	https://www.interfax.ru/world/824614	россию предупредили о росте изоляции после решения закрыть небо для британских самолетов	1
28 February 2022	infox.ru	https://www.infox.ru/news/283/270422-kitaj-podscityvaet-pribyl-pekin-polucit-vsu-vygodu-ot-izolacii-rossii	китай подсчитывает прибыль  какую выгоду пекин получит от изоляции россии	1
7 March 2022	info.sibnet.ru	https://info.sibnet.ru/article/611857/	путина порадовала изоляция россии	1
4 July 2022	fedpress.ru	https://fedpress.ru/news/eastern-europe/policy/3051837	в киеве предложили изолироваться от россии железным занавесом   восточная европа	1
11 April 2022	energyland.info	http://energyland.info/news-show--electro-227145	резидент арктической зоны обеспечивает российский рынок сырьем для производства электроизоляционных материалов	1
28 February 2022	deita.ru	https://deita.ru/article/512224	экономист  я не верю в полную изоляцию россии от мировой экономики	1
11 April 2022	bfm.ru	https://www.bfm.ru/podcast/496998	как проблемы с инфляцией в сша могут сказаться даже на  изолированной  россии	1
25 July 2022	5-tv.ru	https://www.5-tv.ru/news/395610/vposolstve-rfobasnili-zaavlenia-gosdepa-obizolacii-vospalennym-voobrazeniem/	в посольство россии объяснили заявления об изоляции страны	1
