Week of fetchdate_orig	page_domain_root	page_url	title_new	OR and OR2 and AND filters	ID	Regex String (AND)	Regex String (OR)	Regex String (OR)#2
11 July 2022	aif.ru	https://aif.ru/politics/world/vs_rf_unichtozhili_okolo_200_nacionalistov_iz_batalona_kraken	вс рф уничтожили около     националистов из батальона  кракен	True	184077	(?=.*).*	(уничтож)	(наци|националист)
20 June 2022	deita.ru	https://deita.ru/article/518704	минобороны рф  военнослужащие уничтожили     украинских националистов	True	82076	(?=.*).*	(уничтож)	(наци|националист)
11 July 2022	deita.ru	https://deita.ru/article/519536	уничтожить идеи нацизма на украине поможет сво  уверены в приморье	True	107853	(?=.*).*	(уничтож)	(наци|националист)
13 June 2022	duma.gov.ru	http://duma.gov.ru/news/54622/	вячеслав володин  неонацистский режим  уничтожив историю своего народа  превратил украину в колонию сша	True	125412	(?=.*).*	(уничтож)	(наци|националист)
4 April 2022	infox.ru	https://www.infox.ru/news/271/272514-unictozaut-po-nacionalnomu-principu-nemcy-obrekli-na-smert-russkih-detej	уничтожают по национальному принципу  немцы обрекли на смерть русских детей	True	77730	(?=.*).*	(уничтож)	(наци|националист)
4 April 2022	lenta.ru	https://lenta.ru/news/2022/04/10/dnepr/	минобороны сообщило об уничтожении базы националистического батальона на украине	True	283207	(?=.*).*	(уничтож)	(наци|националист)
11 April 2022	lenta.ru	https://lenta.ru/news/2022/04/16/unichtojenie/	в днр заявили о подлежащих уничтожению националистах в мариуполе	True	287151	(?=.*).*	(уничтож)	(наци|националист)
2 May 2022	lenta.ru	https://lenta.ru/news/2022/05/03/190/	минобороны отчиталось об уничтожении почти     националистов на украине	True	281727	(?=.*).*	(уничтож)	(наци|националист)
2 May 2022	mk.ru	https://www.mk.ru/politics/2022/05/04/vecherniy-brifing-minoborony-aviaciya-vks-rossii-unichtozhila-310-nacionalistov.html	вечерний брифинг минобороны  авиация вкс россии уничтожила     националистов	True	150559	(?=.*).*	(уничтож)	(наци|националист)
20 June 2022	riafan.ru	https://riafan.ru/23496682-bloger_puchkov_ukrainskim_natsistam_nikogda_ne_unichtozhit_nasledie_russkih_kompozitorov	блогер пучков  украинским нацистам никогда не уничтожить наследие русских композиторов	True	403217	(?=.*).*	(уничтож)	(наци|националист)
13 June 2022	ria.ru	https://ria.ru/20220614/minoborony-1795146264.html	вкс россии уничтожили более     украинских националистов	True	205387	(?=.*).*	(уничтож)	(наци|националист)
13 June 2022	ria.ru	https://ria.ru/20220615/spetsoperatsiya-1795386851.html	российская авиация за сутки уничтожила более     украинских националистов	True	229340	(?=.*).*	(уничтож)	(наци|националист)
13 June 2022	ria.ru	https://ria.ru/20220617/natsionalisty-1796043044.html	вс россии уничтожили более     украинских националистов за сутки	True	236246	(?=.*).*	(уничтож)	(наци|националист)
13 June 2022	ria.ru	https://ria.ru/20220617/spetsoperatsiya-1796043300.html	российская военная авиация уничтожила более     украинских националистов	True	236249	(?=.*).*	(уничтож)	(наци|националист)
13 June 2022	ria.ru	https://ria.ru/20220618/natsionalisty-1796430244.html	вс россии уничтожили более     украинских националистов за сутки	True	232983	(?=.*).*	(уничтож)	(наци|националист)
28 February 2022	rt.com	https://russian.rt.com/ussr/news/970882-vs-rossii-ukraina-nacionalisty	минобороны россии  основные группировки украинских националистов окружаются и уничтожаются	True	242333	(?=.*).*	(уничтож)	(наци|националист)
28 February 2022	rt.com	https://russian.rt.com/world/news/970656-sankcii-rossiya-kanada	политолог бальбек заявил об уничтожении самоидентичности российской нации западом	True	242154	(?=.*).*	(уничтож)	(наци|националист)
28 February 2022	ura.news	https://ura.news/news/1052535813	бард новиков призвал уничтожить  нацистскую сволочь  на украине	True	296252	(?=.*).*	(уничтож)	(наци|националист)
21 March 2022	ura.news	https://ura.news/news/1052541370	минобороны  военный рф в одиночку уничтожил    нацистов	True	293934	(?=.*).*	(уничтож)	(наци|националист)
11 April 2022	ura.news	https://ura.news/news/1052546303	глава днр призвал к уничтожению националистов в мариуполе	True	298618	(?=.*).*	(уничтож)	(наци|националист)
18 April 2022	ura.news	https://ura.news/news/1052546504	кп  националистов в  азовстали  уничтожат с помощью огнеметов	True	300924	(?=.*).*	(уничтож)	(наци|националист)
28 February 2022	regnum.ru	https://regnum.ru/news/3526118.html	су    вкс россии уничтожил военный объект украинских националистов	True	363604	(?=.*).*	(уничтож)	(наци|националист)
7 March 2022	regnum.ru	https://regnum.ru/news/3526288.html	нацики ушли в города    сети об уничтожении военной инфраструктуры украины	True	361890	(?=.*).*	(уничтож)	(наци|националист)
7 March 2022	regnum.ru	https://regnum.ru/news/polit/3529813.html	опорный пункт украинских националистов уничтожен российским беспилотником	True	364923	(?=.*).*	(уничтож)	(наци|националист)
7 March 2022	regnum.ru	https://regnum.ru/news/3531592.html	минобороны показало кадры уничтожения опорного пункта националистов из бпла	True	363278	(?=.*).*	(уничтож)	(наци|националист)
28 March 2022	ria.ru	https://ria.ru/20220403/dnr-1781522075.html	силы днр за сутки уничтожили    украинских националистов	True	215285	(?=.*).*	(уничтож)	(наци|националист)
28 March 2022	ria.ru	https://ria.ru/20220403/dnr-1781563594.html	силы днр за сутки уничтожили    украинских националистов	True	207646	(?=.*).*	(уничтож)	(наци|националист)
4 April 2022	ria.ru	https://ria.ru/20220404/donbass-1781626615.html	войска днр за сутки уничтожили более    националистов	True	217914	(?=.*).*	(уничтож)	(наци|националист)
25 April 2022	ria.ru	https://ria.ru/20220427/dnr-1785827959.html	силы днр за сутки уничтожили    украинских националистов	True	236499	(?=.*).*	(уничтож)	(наци|националист)
25 April 2022	ria.ru	https://ria.ru/20220429/natsionalisty-1786242664.html	силы народной милиции днр уничтожили за сутки    украинских националистов	True	238585	(?=.*).*	(уничтож)	(наци|националист)
25 April 2022	ria.ru	https://ria.ru/20220429/natsionalisty-1786248300.html	российская артиллерия уничтожила более     националистов на украине	True	238602	(?=.*).*	(уничтож)	(наци|националист)
25 April 2022	ria.ru	https://ria.ru/20220430/donbass-1786308564.html	силы народной милиции днр уничтожили за сутки    украинских националистов	True	219278	(?=.*).*	(уничтож)	(наци|националист)
25 April 2022	ria.ru	https://ria.ru/20220430/natsionalisty-1786305872.html	вкс россии уничтожили более     националистов на украине за ночь	True	219269	(?=.*).*	(уничтож)	(наци|националист)
25 April 2022	ria.ru	https://ria.ru/20220430/natsionalisty-1786377520.html	за сутки в днр уничтожены    украинских националиста	True	219369	(?=.*).*	(уничтож)	(наци|националист)
25 April 2022	ria.ru	https://ria.ru/20220501/dnr-1786428159.html	военнослужащие днр уничтожили    украинского националиста за сутки	True	229677	(?=.*).*	(уничтож)	(наци|националист)
2 May 2022	ria.ru	https://ria.ru/20220502/dnr-1786574483.html	силы днр за сутки уничтожили    украинских националиста	True	223976	(?=.*).*	(уничтож)	(наци|националист)
2 May 2022	ria.ru	https://ria.ru/20220504/dnr-1786871152.html	силы днр за сутки уничтожили    украинских националистов	True	221386	(?=.*).*	(уничтож)	(наци|националист)
11 April 2022	tvc.ru	http://www.tvc.ru/news/show/id/237982	в мариуполе продолжается уничтожение украинских националистов	True	16533	(?=.*).*	(уничтож)	(наци|националист)
2 May 2022	tvc.ru	http://www.tvc.ru/news/show/id/239534	вс россии уничтожили до     националистов и    единицу техники всу	True	6974	(?=.*).*	(уничтож)	(наци|националист)
25 April 2022	mk.ru	https://www.mk.ru/politics/2022/04/27/minoborony-vks-rf-unichtozhili-svyshe-210-nacionalistov.html	минобороны  вкс рф уничтожили свыше     националистов	True	149803	(?=.*).*	(уничтож)	(наци|националист)
25 April 2022	mk.ru	https://www.mk.ru/politics/2022/04/30/minoborony-eshhe-200-ukrainskikh-nacionalistov-unichtozheny-rossiyskimi-vks-za-den.html	минобороны  еще     украинских националистов уничтожены российскими вкс за день	True	140518	(?=.*).*	(уничтож)	(наци|националист)
2 May 2022	vsesmi.ru	http://www.vsesmi.ru/policy/2022/05/03/3401578/	минобороны сообщило об уничтожении более     украинских националистов	True	86707	(?=.*).*	(уничтож)	(наци|националист)
16 May 2022	riafan.ru	https://riafan.ru/23451380-podrazdeleniya_nm_dnr_za_sutki_unichtozhili_22_ukrainskih_natsionalista	подразделения нм днр за сутки уничтожили    украинских националиста	True	425276	(?=.*).*	(уничтож)	(наци|националист)
23 May 2022	riafan.ru	https://riafan.ru/23451962-minoboroni_aviatsiya_vks_rf_za_sutki_unichtozhila_bolee_230_ukrainskih_natsionalistov	минобороны  авиация вкс рф за сутки уничтожила более     украинских националистов	True	424868	(?=.*).*	(уничтож)	(наци|националист)
4 July 2022	riafan.ru	https://riafan.ru/23520479-soyuznie_sili_za_sutki_unichtozhili_bolee_60_ukrainskih_natsionalistov_v_donbasse	союзные силы за сутки уничтожили более    украинских националистов в донбассе	True	438158	(?=.*).*	(уничтож)	(наци|националист)
11 July 2022	riafan.ru	https://riafan.ru/23530886-vks_rf_unichtozhili_250_naemnikov_i_ukrainskih_natsionalistov_v_har_kove	вкс рф уничтожили     наемников и украинских националистов в харькове	True	434677	(?=.*).*	(уничтож)	(наци|националист)
14 March 2022	ria.ru	https://ria.ru/20220317/ukraina-1778623259.html	минобороны опубликовало кадры уничтожения позиций украинских националистов	True	211131	(?=.*).*	(уничтож)	(наци|националист)
21 March 2022	ria.ru	https://ria.ru/20220323/spetsnaz-1779674054.html	российский спецназ уничтожил более     националистов в харьковской области	True	220788	(?=.*).*	(уничтож)	(наци|националист)
21 March 2022	ria.ru	https://ria.ru/20220325/natsionalisty-1780167882.html	силы днр уничтожили    украинских националиста с начала суток	True	210957	(?=.*).*	(уничтож)	(наци|националист)
28 March 2022	ria.ru	https://ria.ru/20220328/natsionalisty-1780558567.html	силы днр за сутки уничтожили    украинских националиста	True	212310	(?=.*).*	(уничтож)	(наци|националист)
28 March 2022	ria.ru	https://ria.ru/20220330/natsionalisty-1780958989.html	в днр заявили об уничтожении    украинских националистов за сутки	True	210699	(?=.*).*	(уничтож)	(наци|националист)
28 March 2022	ria.ru	https://ria.ru/20220331/dnr-1781172250.html	силы днр за сутки уничтожили    украинских националистов	True	206822	(?=.*).*	(уничтож)	(наци|националист)
28 March 2022	ria.ru	https://ria.ru/20220401/dnr-1781224760.html	силы днр за сутки уничтожили    украинских националистов	True	207723	(?=.*).*	(уничтож)	(наци|националист)
21 March 2022	inosmi.ru	https://inosmi.ru/20220321/aviaudar-253472744.html	российские военные ударами крылатых ракет уничтожили    наемников и националистов	True	321321	(?=.*).*	(уничтож)	(наци|националист)
6 June 2022	inosmi.ru	https://inosmi.ru/20220609/polsha-254489841.html	трижды уничтоженная  польша забыла  что ссср освободил ее от нацистов	True	323025	(?=.*).*	(уничтож)	(наци|националист)
11 April 2022	mk.ru	https://www.mk.ru/politics/2022/04/15/narodnaya-miliciya-dnr-zayavila-ob-unichtozhenii-52-ukrainskikh-nacionalistov.html	народная милиция днр заявила об уничтожении    украинских националистов	True	150937	(?=.*).*	(уничтож)	(наци|националист)
11 April 2022	mk.ru	https://www.mk.ru/politics/2022/04/16/pushilin-o-nacionalistakh-v-mariupole-sdavatsya-ne-sobirayutsya-podlezhat-unichtozheniyu.html	пушилин о националистах в мариуполе   сдаваться не собираются  подлежат уничтожению	True	151704	(?=.*).*	(уничтож)	(наци|националист)
6 June 2022	riafan.ru	https://riafan.ru/23480845-real_no_li_unichtozhit_neonatsizm_na_ukraine_ne_unichtozhiv_ego_v_evrope_obsudyat_v_patriote	реально ли уничтожить неонацизм на украине  не уничтожив его в европе  обсудят в  патриоте	True	438547	(?=.*).*	(уничтож)	(наци|националист)
6 June 2022	riafan.ru	https://riafan.ru/23481138-minoboroni_vs_rf_unichtozhili_za_sutki_bolee_350_ukrainskih_natsionalistov	минобороны  вс рф уничтожили за сутки более     украинских националистов	True	438530	(?=.*).*	(уничтож)	(наци|националист)
13 June 2022	riafan.ru	https://riafan.ru/23489222-orduhanyan_zahvativshie_vlast_na_ukraine_natsionalisti_vedut_bor_bu_na_samounichtozhenie	ордуханян  захватившие власть на украине националисты ведут борьбу на самоуничтожение	True	437640	(?=.*).*	(уничтож)	(наци|националист)
13 June 2022	riafan.ru	https://riafan.ru/23490297-sili_narodnoi_militsii_lnr_za_sutki_unichtozhili_okolo_30_ukrainskih_natsionalistov	силы народной милиции лнр за сутки уничтожили около    украинских националистов	True	439029	(?=.*).*	(уничтож)	(наци|националист)
13 June 2022	riafan.ru	https://riafan.ru/23492025-raketnie_voiska_i_artilleriya_rf_za_sutki_unichtozhili_bolee_350_ukrainskih_natsionalistov	ракетные войска и артиллерия рф за сутки уничтожили более     украинских националистов	True	435868	(?=.*).*	(уничтож)	(наци|националист)
11 July 2022	riafan.ru	https://riafan.ru/23536417-minoboroni_vs_rf_unichtozhili_do_1000_ukrainskih_natsionalistov_v_nikolaevskoi_oblasti_i_dnr	минобороны  вс рф уничтожили до      украинских националистов в николаевской области и днр	True	437880	(?=.*).*	(уничтож)	(наци|националист)
11 July 2022	riafan.ru	https://riafan.ru/23538042-vs_rf_unichtozhili_300_natsionalistov_pravogo_sektora_v_har_kovskoi_oblasti	вс рф уничтожили     националистов  правого сектора  в харьковской области	True	435344	(?=.*).*	(уничтож)	(наци|националист)
18 July 2022	riafan.ru	https://riafan.ru/23542854-vs_rf_unichtozhili_do_60_ukrainskih_natsionalistov_v_cherkasskoi_oblasti	вс рф уничтожили до    украинских националистов в черкасской области	True	431278	(?=.*).*	(уничтож)	(наци|националист)
20 June 2022	ria.ru	https://ria.ru/20220626/spetsoperatsiya-1798209544.html	российская авиация уничтожила более     украинских националистов	True	228035	(?=.*).*	(уничтож)	(наци|националист)
21 February 2022	regnum.ru	https://regnum.ru/news/polit/3518727.html	рвио  на украине   нацистская диктатура  нацист должен быть уничтожен	True	363992	(?=.*).*	(уничтож)	(наци|националист)
21 February 2022	regnum.ru	https://regnum.ru/news/polit/3518727.html	эксперт  на украине   нацистская диктатура  нацист должен быть уничтожен	True	363995	(?=.*).*	(уничтож)	(наци|националист)
28 February 2022	regnum.ru	https://regnum.ru/news/3524605.html	нацисты отступают из донбасса  уничтожая водоснабжение и энергетику   мо рф	True	374333	(?=.*).*	(уничтож)	(наци|националист)
23 May 2022	lenta.ru	https://lenta.ru/news/2022/05/24/biden/	сша предсказали  общенациональное самоуничтожение  из за политики байдена	True	281958	(?=.*).*	(уничтож)	(наци|националист)
20 June 2022	mk.ru	https://www.mk.ru/politics/2022/06/26/boeviki-azova-ubili-i-sozhgli-tela-inostrannykh-naemnikov.html	на заводе  азовсталь  националисты уничтожили тела     иностранных наемников	True	143243	(?=.*).*	(уничтож)	(наци|националист)
14 March 2022	tvc.ru	http://www.tvc.ru/news/show/id/235747	вертолёты ка    уничтожили опорный пункт украинских националистов  видео	True	83075	(?=.*).*	(уничтож)	(наци|националист)
28 March 2022	tvc.ru	http://www.tvc.ru/news/show/id/236651	минобороны показало кадры уничтожения беспилотника украинских националистов	True	47258	(?=.*).*	(уничтож)	(наци|националист)
28 February 2022	argumenti.ru	https://argumenti.ru/politics/2022/03/762228	конашенков  после уничтожения вс рф основных группировок украинских националистов запад нарастил отправку наемников	True	491320	(?=.*).*	(уничтож)	(наци|националист)
7 March 2022	argumenti.ru	https://argumenti.ru/world/2022/03/762884	расчет российского зрк  оказавшийся в окружении украинских националистов  уничтожил девять самолетов и пять дронов	True	488896	(?=.*).*	(уничтож)	(наци|националист)
21 March 2022	argumenti.ru	https://argumenti.ru/politics/2022/03/765235	военнослужащие днр за сутки уничтожили    украинских националиста	True	490374	(?=.*).*	(уничтож)	(наци|националист)
28 March 2022	argumenti.ru	https://argumenti.ru/world/2022/04/766061	минобороны россии  силы лнр за ночь уничтожили до    украинских националистов и одну артиллерийскую батарею	True	487920	(?=.*).*	(уничтож)	(наци|националист)
28 March 2022	argumenti.ru	https://argumenti.ru/army/2022/04/766264	конашенков  оперативно тактическим комплексом  искандер  атакован штаб обороны в харькове  уничтожено более     националистов	True	490319	(?=.*).*	(уничтож)	(наци|националист)
25 April 2022	argumenti.ru	https://argumenti.ru/world/2022/04/769366	российские вкс поразили    военных объектов украины и уничтожили около     националистов	True	495115	(?=.*).*	(уничтож)	(наци|националист)
25 April 2022	argumenti.ru	https://argumenti.ru/army/2022/04/770031	силы народной милиции днр уничтожили за сутки    украинских националистов	True	491418	(?=.*).*	(уничтож)	(наци|националист)
25 April 2022	argumenti.ru	https://argumenti.ru/army/2022/04/770091	конашенков  в результате ударов уничтожены свыше     националистов и    единицы бронетехники	True	490614	(?=.*).*	(уничтож)	(наци|националист)
9 May 2022	argumenti.ru	https://argumenti.ru/society/nature/2022/05/772013	конашенков  уничтожены до     националистов  выведены из строя    единиц военной техники	True	492386	(?=.*).*	(уничтож)	(наци|националист)
23 May 2022	argumenti.ru	https://argumenti.ru/army/2022/05/773139	конашенков  уничтожены более     националистов  выведены из строя    единицы украинской военной техники	True	492863	(?=.*).*	(уничтож)	(наци|националист)
23 May 2022	argumenti.ru	https://argumenti.ru/army/2022/05/773755	конашенков  уничтожены более     ти националистов  выведены из строя    единицы вооружения и военной техники	True	493575	(?=.*).*	(уничтож)	(наци|националист)
23 May 2022	argumenti.ru	https://argumenti.ru/world/2022/05/773706	российская авиация уничтожила более     украинских националистов     танков и   установок рсзо  град	True	493153	(?=.*).*	(уничтож)	(наци|националист)
30 May 2022	argumenti.ru	https://argumenti.ru/army/2022/06/774910	конашенков  авиацией рф уничтожено более     националистов     единиц военной техники и другие цели	True	493840	(?=.*).*	(уничтож)	(наци|националист)
6 June 2022	argumenti.ru	https://argumenti.ru/world/2022/06/775472	минобороны рф  авиация за сутки уничтожила более     украинских националистов  пять танков  два  града  и артиллерийский склад	True	495032	(?=.*).*	(уничтож)	(наци|националист)
6 June 2022	argumenti.ru	https://argumenti.ru/army/2022/06/775657	генерал лейтенант конашенков  уничтожено более     националистов    единиц бронетехники и другие цели	True	494929	(?=.*).*	(уничтож)	(наци|националист)
13 June 2022	argumenti.ru	https://argumenti.ru/politics/2022/06/776421	володин   неонацистский режим  уничтожив историю своего народа  превратил украину в колонию сша	True	495306	(?=.*).*	(уничтож)	(наци|националист)
4 July 2022	argumenti.ru	https://argumenti.ru/world/2022/07/779934	военные россии и днр уничтожили под угледаром группу украинских националистов  собиравшихся зайти на позиции нм республики	True	494088	(?=.*).*	(уничтож)	(наци|националист)
21 February 2022	trud.ru	https://www.trud.ru/article/25-02-2022/1413113_vs_rf_zanjali_aerodrom_gostomel_pod_kievom_unichtozhiv_200_natsionalistov.html	вс рф заняли аэродром гостомель под киевом  уничтожив     националистов	True	271748	(?=.*).*	(уничтож)	(наци|националист)
28 February 2022	trud.ru	https://www.trud.ru/article/04-03-2022/1413343_vsu_unichtozhili_tochkami_bolee_20_neonatsistov_azova.html	всу уничтожили  точками  более    неонацистов  азова	True	272214	(?=.*).*	(уничтож)	(наци|националист)
14 March 2022	trud.ru	https://www.trud.ru/article/16-03-2022/1413739_armija_rossii_i_dnr_unichtozhila_bolee_70_boevikov-neonatsistov.html	армия россии и днр уничтожила более    боевиков неонацистов	True	271990	(?=.*).*	(уничтож)	(наци|националист)
14 March 2022	trud.ru	https://www.trud.ru/article/18-03-2022/1413849_russkaja_koalitsija_za_sutki_unichtozhila_50_ukrainskix_natsionalistov.html	русская коалиция за сутки уничтожила    украинских националистов	True	271591	(?=.*).*	(уничтож)	(наци|националист)
14 March 2022	trud.ru	https://www.trud.ru/article/18-03-2022/1413858_rossijskie_iskandery_unichtozhili_raketnye_ustanovki_ukrainskix_neonatsistov.html	российские  искандеры  уничтожили ракетные установки украинских неонацистов	True	271604	(?=.*).*	(уничтож)	(наци|националист)
6 June 2022	trud.ru	https://www.trud.ru/article/07-06-2022/1416857_minoborony_ukrainskie_natsionalisty_unichtozhili_50_000_tonn_zerna_v_portu_mariupolja.html	минобороны  украинские националисты уничтожили        тонн зерна в порту мариуполя	True	272941	(?=.*).*	(уничтож)	(наци|националист)
9 May 2022	rueconomics.ru	https://rueconomics.ru/23188865-polkovnik_nasonov_zasevshie_v_azovstali_natsionalisti_mogut_reshit_sya_na_samounichtozhenie	полковник насонов  засевшие в  азовстали  националисты могут решиться на самоуничтожение	True	526485	(?=.*).*	(уничтож)	(наци|националист)
21 February 2022	runews24.ru	https://runews24.ru:443/politics/27/02/2022/7f1de2s629b40027c5452d14da750bb9	минобороны рф  потери среди российских военнослужащих  многократно меньше уничтоженных националистов	True	464726	(?=.*).*	(уничтож)	(наци|националист)
28 February 2022	pravda.ru	https://www.pravda.ru/news/politics/1688000-ukrainskie_nacionalisty/	кедми  украинские неонацисты спутали сша все карты в игре на уничтожение россии	True	345068	(?=.*).*	(уничтож)	(наци|националист)
7 March 2022	pravda.ru	https://www.pravda.ru/world/1689205-ukraina_nazi/	когнитивный диссонанс в кремле  москва хочет уничтожить нацизм руками нацистов	True	344395	(?=.*).*	(уничтож)	(наци|националист)
11 April 2022	pravda.ru	https://www.pravda.ru/world/1699432-kherson_russia/	в херсоне объяснили цели военной спецоперации рф   уничтожим нацизм вместе	True	345895	(?=.*).*	(уничтож)	(наци|националист)
11 April 2022	pravda.ru	https://www.pravda.ru/world/1699432-kherson_russia/	уничтожим нацизм вместе   в херсоне объяснили цели военной спецоперации рф	True	345893	(?=.*).*	(уничтож)	(наци|националист)
18 July 2022	riafan.ru	https://riafan.ru/23550184-sobitiya_na_ukraine_k_12_00_22_iyulya_unichtozhenie_natsionalistov_v_kramatorske_pomosch_krima_v_uborke_urozhaya	события на украине к          июля  уничтожение националистов в краматорске  помощь крыма в уборке урожая	True	429362	(?=.*).*	(уничтож)	(наци|националист)
25 July 2022	riafan.ru	https://riafan.ru/23554966-vks_rf_unichtozhili_bolee_100_natsionalistov_i_inostrannih_naemnikov_v_konstantinovke	вкс рф уничтожили более     националистов и иностранных наемников в константиновке	True	434050	(?=.*).*	(уничтож)	(наци|националист)
30 May 2022	aif.ru	https://aif.ru/incidents/vs_rf_unichtozhili_punkty_upravleniya_nacionalistov_okolo_harkova	вс рф уничтожили пункты управления националистов около харькова	True	180319	(?=.*).*	(уничтож)	(наци|националист)
20 June 2022	aif.ru	https://aif.ru/politics/world/mo_rf_vks_unichtozhili_500_nacionalistov_na_zavode_okean_v_nikolaeve	мо рф  вкс уничтожили     националистов на заводе  океан  в николаеве	True	185705	(?=.*).*	(уничтож)	(наци|националист)
16 May 2022	riafan.ru	https://riafan.ru/23441928-minoboroni_rf_zayavilo_ob_unichtozhenii_280_ukrainskih_natsionalistov_za_sutki	минобороны рф заявило об уничтожении     украинских националистов за сутки	True	432474	(?=.*).*	(уничтож)	(наци|националист)
7 February 2022	rt.com	https://russian.rt.com/science/article/958941-razvedchik-aleksei-botyan	самородок разведки   как алексей ботян воевал в тылу нацистов и спас от уничтожения краков	True	247356	(?=.*).*	(уничтож)	(наци|националист)
30 May 2022	regnum.ru	https://regnum.ru/news/3610777.html	кадыров заявил об уничтожении группы националистов в камышевахе	True	393756	(?=.*).*	(уничтож)	(наци|националист)
6 June 2022	regnum.ru	https://regnum.ru/news/3611182.html	силы лнр за сутки уничтожили    националиста	True	389721	(?=.*).*	(уничтож)	(наци|националист)
6 June 2022	regnum.ru	https://regnum.ru/news/3612357.html	силы лнр за сутки уничтожили    украинских националистов	True	398924	(?=.*).*	(уничтож)	(наци|националист)
6 June 2022	regnum.ru	https://regnum.ru/news/3613558.html	российские войска уничтожили в боях за святогорск более     националистов	True	384286	(?=.*).*	(уничтож)	(наци|националист)
6 June 2022	regnum.ru	https://regnum.ru/news/polit/3613591.html	вс россии за сутки уничтожили свыше     украинских нацистов	True	387238	(?=.*).*	(уничтож)	(наци|националист)
6 June 2022	regnum.ru	https://regnum.ru/news/polit/3615807.html	вс рф уничтожили     взрывных устройства в национальном парке  святые горы	True	401174	(?=.*).*	(уничтож)	(наци|националист)
13 June 2022	regnum.ru	https://regnum.ru/news/accidents/3617532.html	в днр за сутки уничтожили более    украинских националистов	True	354790	(?=.*).*	(уничтож)	(наци|националист)
13 June 2022	regnum.ru	https://regnum.ru/news/3618017.html	российская авиация уничтожила более     украинских националистов	True	353507	(?=.*).*	(уничтож)	(наци|националист)
28 March 2022	tatar-inform.ru	https://www.tatar-inform.ru/news/minoborony-v-xarkove-100-nacionalistov-i-naemnikov-unictozeny-udarom-iskandera-5861046	минобороны  в харькове     националистов и наемников уничтожены ударом  искандера	True	530306	(?=.*).*	(уничтож)	(наци|националист)
4 April 2022	tatar-inform.ru	https://www.tatar-inform.ru/news/minoborony-rf-soobshhilo-ob-unictozenii-staba-nacionalisticeskogo-batalyona-dnepr-5861977	мо россии сообщило об уничтожении штаба националистического батальона  днепр  в звонецком	True	531312	(?=.*).*	(уничтож)	(наци|националист)
14 March 2022	mk.ru	https://www.mk.ru/politics/2022/03/17/rossiyskie-voennye-unichtozhili-pozicii-ukrainskikh-nacionalistov-v-kievskoy-oblasti.html	российские военные уничтожили позиции украинских националистов в киевской области	True	138655	(?=.*).*	(уничтож)	(наци|националист)
23 May 2022	riafan.ru	https://riafan.ru/23461723-boitsi_narodnoi_militsii_lnr_unichtozhili_32_ukrainskih_natsionalista_za_sutki	бойцы народной милиции лнр уничтожили    украинских националиста за сутки	True	418020	(?=.*).*	(уничтож)	(наци|националист)
23 May 2022	riafan.ru	https://riafan.ru/23462811-podrazdeleniya_nm_dnr_s_nachala_sutok_unichtozhili_43_ukrainskih_natsionalista	подразделения нм днр с начала суток уничтожили    украинских националиста	True	423833	(?=.*).*	(уничтож)	(наци|националист)
30 May 2022	riafan.ru	https://riafan.ru/23463360-rossiiskie_vks_za_sutki_unichtozhili_320_ukrainskih_natsionalistov	российские вкс за сутки уничтожили     украинских националистов	True	433523	(?=.*).*	(уничтож)	(наци|националист)
30 May 2022	riafan.ru	https://riafan.ru/23468553-rossiiskaya_aviatsiya_za_sutki_unichtozhila_do_240_natsionalistov_i_40_edinits_tehniki_na_ukraine	российская авиация за сутки уничтожила до     националистов и    единиц техники на украине	True	424593	(?=.*).*	(уничтож)	(наци|националист)
30 May 2022	riafan.ru	https://riafan.ru/23472407-narodnaya_militsiya_dnr_soobschila_ob_unichtozhenii_40_ukrainskih_natsionalistov_za_sutki	народная милиция днр сообщила об уничтожении    украинских националистов за сутки	True	437007	(?=.*).*	(уничтож)	(наци|националист)
30 May 2022	riafan.ru	https://riafan.ru/23473892-v_nm_dnr_soobschili_ob_unichtozhenii_za_sutki_do_30_ukrainskih_natsionalistov	в нм днр сообщили об уничтожении за сутки до    украинских националистов	True	430967	(?=.*).*	(уничтож)	(наци|националист)
6 June 2022	riafan.ru	https://riafan.ru/23475215-rosgvardeitsi_unichtozhili_shest_natsionalistov_iz_krakena_pod_har_kovom	росгвардейцы уничтожили шесть националистов из  кракена  под харьковом	True	434972	(?=.*).*	(уничтож)	(наци|националист)
28 February 2022	vz.ru	https://vz.ru/news/2022/3/4/1147044.html	взгляд   минобороны  отступающие националисты уничтожают социальную инфраструктуру донбасса    новости дня	True	170682	(?=.*).*	(уничтож)	(наци|националист)
7 March 2022	vz.ru	https://vz.ru/news/2022/3/11/1148053.html	взгляд   беспилотник вкс россии уничтожил укрепленный опорный пункт украинских националистов     новости дня	True	170782	(?=.*).*	(уничтож)	(наци|националист)
25 April 2022	riafan.ru	https://riafan.ru/23157313-minoboroni_artilleriya_vs_rf_v_techenie_dnya_unichtozhila_bolee_200_ukrainskih_natsionalistov	минобороны  артиллерия вс рф в течение дня уничтожила более     украинских националистов	True	438858	(?=.*).*	(уничтож)	(наци|националист)
25 April 2022	riafan.ru	https://riafan.ru/23157945-aviatsiya_vks_rf_za_noch_unichtozhila_bolee_120_ukrainskih_natsionalistov	авиация вкс рф за ночь уничтожила более     украинских националистов	True	415363	(?=.*).*	(уничтож)	(наци|националист)
2 May 2022	riafan.ru	https://riafan.ru/23162621-minoboroni_artilleriya_vs_rf_za_sutki_unichtozhila_do_230_ukrainskih_natsionalistov	минобороны  артиллерия вс рф за сутки уничтожила до     украинских националистов	True	414907	(?=.*).*	(уничтож)	(наци|националист)
2 May 2022	riafan.ru	https://riafan.ru/23163565-vs_rf_unichtozhili_za_sutki_pochti_200_ukrainskih_natsionalistov	вс рф уничтожили за сутки почти     украинских националистов	True	416401	(?=.*).*	(уничтож)	(наци|националист)
2 May 2022	riafan.ru	https://riafan.ru/23167002-natsistskaya_diktatura_v_kieve_unichtozhaet_vseh_inakomislyaschih_elena_panina_o_zaderzhanii_shariya	нацистская диктатура в киеве уничтожает всех инакомыслящих  елена панина о задержании шария	True	423251	(?=.*).*	(уничтож)	(наци|националист)
27 June 2022	trud.ru	https://www.trud.ru/article/28-06-2022/1417613_vks_rossii_unichtozhili_v_xarkove_neonatsistov_iz_azova_i_naemnikov.html	вкс россии уничтожили в харькове неонацистов из  азова  и наемников	True	273961	(?=.*).*	(уничтож)	(наци|националист)
11 July 2022	trud.ru	https://www.trud.ru/article/11-07-2022/1418065_vks_rossii_unichtozhili_v_xarkove_boevikov-neonatsistov_i_inostrannyx_naemnikov.html	вкс россии уничтожили в харькове боевиков неонацистов и иностранных наемников	True	273805	(?=.*).*	(уничтож)	(наци|националист)
2 May 2022	lenta.ru	https://lenta.ru/news/2022/05/07/minoborony/	минобороны россии заявило об уничтожении до     националистов	True	274819	(?=.*).*	(уничтож)	(наци|националист)
27 June 2022	pda.kp.ru	https://pda.kp.ru/daily/27412/4610468/	герои спецоперации  z   старший сержант пятин на подбитом танке выиграл дуэль и уничтожил взвод националистов	True	334572	(?=.*).*	(уничтож)	(наци|националист)
28 February 2022	piter.tv	https://piter.tv/event/Rossijskij_istrebitel_Su_34_unichtozhil_voennij_obekt_ukrainskih_nacionalistov_/	российский истребитель су    уничтожил военный объект украинских националистов	True	40293	(?=.*).*	(уничтож)	(наци|националист)
20 June 2022	piter.tv	https://piter.tv/event/VS_Rossii_unichtozhili_bolee_780_ukrainskih_nacionalistov/	вс россии уничтожили более     украинских националистов	True	28042	(?=.*).*	(уничтож)	(наци|националист)
25 July 2022	mk.ru	https://www.mk.ru/politics/2022/07/30/voyska-rossii-unichtozhili-bolee-30-nacionalistov-krakena-v-kharkovskoy-oblasti.html	войска россии уничтожили более    националистов  кракена  в харьковской области	True	149514	(?=.*).*	(уничтож)	(наци|националист)
9 May 2022	riafan.ru	https://riafan.ru/23188844-analitik_nasonov_soobschil_o_veroyatnom_samounichtozhenii_natsionalistov_v_azovstali	аналитик насонов сообщил о вероятном самоуничтожении националистов в  азовстали	True	414851	(?=.*).*	(уничтож)	(наци|националист)
9 May 2022	riafan.ru	https://riafan.ru/23190044-minoboroni_rf_rossiiskie_voennie_v_techenie_dnya_unichtozhili_do_400_ukrainskih_natsionalistov	минобороны рф  российские военные в течение дня уничтожили до     украинских националистов	True	416358	(?=.*).*	(уничтож)	(наци|националист)
9 May 2022	riafan.ru	https://riafan.ru/23190959-arabskii_politik_abu_sharif_ssha_rukami_ukrainskih_neonatsistov_hotyat_unichtozhit_rossiyu	арабский политик абу шариф  сша руками украинских неонацистов хотят уничтожить россию	True	424047	(?=.*).*	(уничтож)	(наци|националист)
9 May 2022	riafan.ru	https://riafan.ru/23192177-minoboroni_rf_rossiiskie_voiska_za_noch_unichtozhili_bolee_280_ukrainskih_natsionalistov	минобороны рф  российские войска за ночь уничтожили более     украинских националистов	True	426723	(?=.*).*	(уничтож)	(наци|националист)
9 May 2022	riafan.ru	https://riafan.ru/23194013-vks_rf_visokotochnimi_raketami_unichtozhili_za_sutki_bolee_320_ukrainskih_natsionalistov	вкс рф высокоточными ракетами уничтожили за сутки более     украинских националистов	True	403935	(?=.*).*	(уничтож)	(наци|националист)
9 May 2022	riafan.ru	https://riafan.ru/23246600-vks_rf_v_techenie_dnya_unichtozhili_do_90_ukrainskih_natsionalistov	вкс рф в течение дня уничтожили до    украинских националистов	True	403598	(?=.*).*	(уничтож)	(наци|националист)
16 May 2022	riafan.ru	https://riafan.ru/23260401-minoboroni_ekipazhi_vks_rf_za_sutki_unichtozhili_bolee_360_ukrainskih_natsionalistov	минобороны  экипажи вкс рф за сутки уничтожили более     украинских националистов	True	427089	(?=.*).*	(уничтож)	(наци|националист)
2 May 2022	tvzvezda.ru	https://tvzvezda.ru/news/202252351-wPHN4.html	стена огня  как российские рсзо уничтожают позиции украинских националистов	True	484157	(?=.*).*	(уничтож)	(наци|националист)
2 May 2022	tvzvezda.ru	https://tvzvezda.ru/news/2022542025-2jvFJ.html	мо рф  российская авиация сбила шесть бпла и уничтожила до     украинских националистов	True	476621	(?=.*).*	(уничтож)	(наци|националист)
9 May 2022	tvzvezda.ru	https://tvzvezda.ru/news/20225101954-oIUlp.html	мо  ракетные войска и артиллерия рф уничтожили более     националистов	True	481718	(?=.*).*	(уничтож)	(наци|националист)
9 May 2022	tvzvezda.ru	https://tvzvezda.ru/news/20225121042-reEXg.html	в мо рф заявили об уничтожении более     украинских националистов высокоточными ракетами вкс	True	476108	(?=.*).*	(уничтож)	(наци|националист)
9 May 2022	tvzvezda.ru	https://tvzvezda.ru/news/2022514202-MXkYw.html	мо  авиация рф уничтожила до    националистов и вывела из строя    единиц военной техники всу	True	475988	(?=.*).*	(уничтож)	(наци|националист)
16 May 2022	tvzvezda.ru	https://tvzvezda.ru/news/2022517128-lMACg.html	в мо рф заявили об уничтожении более     украинских националистов высокоточными ракетами вкс	True	486656	(?=.*).*	(уничтож)	(наци|националист)
16 May 2022	tvzvezda.ru	https://tvzvezda.ru/news/20225181054-6mpQd.html	оперативно тактическая и армейская авиация уничтожила еще более     украинских националистов	True	486308	(?=.*).*	(уничтож)	(наци|националист)
16 May 2022	tvzvezda.ru	https://tvzvezda.ru/news/20225191047-E10nM.html	оперативно тактическая и армейская авиация уничтожила более     украинских националистов	True	486721	(?=.*).*	(уничтож)	(наци|националист)
16 May 2022	tvzvezda.ru	https://tvzvezda.ru/news/20225211126-wmZjz.html	вкс рф уничтожили у одессы предназначенные для украинских националистов хранилища с топливом	True	483028	(?=.*).*	(уничтож)	(наци|националист)
23 May 2022	tvzvezda.ru	https://tvzvezda.ru/news/20225231059-xkcaE.html	оперативно тактическая и армейская авиация уничтожила более     украинских националистов за сутки	True	483783	(?=.*).*	(уничтож)	(наци|националист)
23 May 2022	tvzvezda.ru	https://tvzvezda.ru/news/20225241028-ZjXXE.html	оперативно тактическая и армейская авиация уничтожила более     украинских националистов за сутки	True	485875	(?=.*).*	(уничтож)	(наци|националист)
23 May 2022	tvzvezda.ru	https://tvzvezda.ru/news/20225261123-jokdU.html	оперативно тактическая и армейская авиация уничтожила более     украинских националистов за сутки	True	486965	(?=.*).*	(уничтож)	(наци|националист)
28 March 2022	regnum.ru	https://regnum.ru/news/3548832.html	пушилин заявил  что денацификация не ограничивается уничтожением нацистов	True	376715	(?=.*).*	(уничтож)	(наци|националист)
28 March 2022	regnum.ru	https://regnum.ru/news/polit/3550165.html	народная милиция днр  за сутки уничтожено    украинских нациста     сдались	True	357014	(?=.*).*	(уничтож)	(наци|националист)
28 March 2022	regnum.ru	https://regnum.ru/news/polit/3552663.html	ракетами берегового комплекса  бастион  уничтожен штаб укронацистов   мо рф	True	358985	(?=.*).*	(уничтож)	(наци|националист)
28 March 2022	regnum.ru	https://regnum.ru/news/polit/3553510.html	история борьбы против бандеровцев  уничтожен лидер украинских националистов	True	360486	(?=.*).*	(уничтож)	(наци|националист)
4 April 2022	regnum.ru	https://regnum.ru/news/3556073.html	украинские нацисты готовились в марте уничтожить донбасс   небензя	True	356999	(?=.*).*	(уничтож)	(наци|националист)
4 April 2022	regnum.ru	https://regnum.ru/news/polit/3555346.html	военнослужащие днр уничтожили ещё    украинских националистов	True	373702	(?=.*).*	(уничтож)	(наци|националист)
2 May 2022	ria.ru	https://ria.ru/20220506/dnr-1787298224.html	силы днр с начала суток уничтожили    украинских националистов	True	206984	(?=.*).*	(уничтож)	(наци|националист)
2 May 2022	ria.ru	https://ria.ru/20220506/natsionalisty-1787147222.html	российская артиллерия уничтожила до     украинских националистов	True	206792	(?=.*).*	(уничтож)	(наци|националист)
2 May 2022	ria.ru	https://ria.ru/20220506/stagnatsiya-1787320534.html	день    й  вкс россии уничтожили новые объекты всу  переговоры в стагнации	True	206007	(?=.*).*	(уничтож)	(наци|националист)
2 May 2022	ria.ru	https://ria.ru/20220507/aviatsiya-1787429816.html	российская авиация уничтожила до     украинских националистов	True	205074	(?=.*).*	(уничтож)	(наци|националист)
2 May 2022	ria.ru	https://ria.ru/20220507/donbass-1787362994.html	силы днр за прошедшие сутки уничтожили    украинских националистов	True	208509	(?=.*).*	(уничтож)	(наци|националист)
2 May 2022	ria.ru	https://ria.ru/20220508/donbass-1787481238.html	силы лнр за прошедшие сутки уничтожили шесть украинских националистов	True	217659	(?=.*).*	(уничтож)	(наци|националист)
2 May 2022	ria.ru	https://ria.ru/20220508/natsionalisty-1787546638.html	минобороны заявило об уничтожении около     националистов на украине	True	206320	(?=.*).*	(уничтож)	(наци|националист)
9 May 2022	ria.ru	https://ria.ru/20220509/dnr-1787605455.html	народная милиция днр уничтожила    националистов за сутки	True	218766	(?=.*).*	(уничтож)	(наци|националист)
9 May 2022	ria.ru	https://ria.ru/20220509/natsionalisty-1787629955.html	вс россии уничтожили до     украинских националистов	True	218812	(?=.*).*	(уничтож)	(наци|националист)
9 May 2022	ria.ru	https://ria.ru/20220511/dnr-1787992498.html	силы днр за сутки уничтожили    украинских националистов	True	225557	(?=.*).*	(уничтож)	(наци|националист)
9 May 2022	ria.ru	https://ria.ru/20220512/dnr-1788211512.html	силы днр за сутки уничтожили    украинских националиста	True	206637	(?=.*).*	(уничтож)	(наци|националист)
9 May 2022	ria.ru	https://ria.ru/20220512/ukraina-1788063470.html	вс россии за сутки уничтожили более     украинских националистов	True	206772	(?=.*).*	(уничтож)	(наци|националист)
9 May 2022	ria.ru	https://ria.ru/20220513/dnr-1788428975.html	силы днр за сутки уничтожили    украинских националистов	True	205114	(?=.*).*	(уничтож)	(наци|националист)
28 February 2022	life.ru	https://life.ru/p/1476853	повелитель неба  появилось видео уничтожения военного объекта украинских националистов с российского су	True	62328	(?=.*).*	(уничтож)	(наци|националист)
25 April 2022	life.ru	https://life.ru/p/1489477	нацист  убийца и поэт  в мариуполе уничтожен один из самых жестоких карателей всу   сергей шпрот скальд	True	64786	(?=.*).*	(уничтож)	(наци|националист)
28 February 2022	military.pravda.ru	https://military.pravda.ru/news/1687557-minoborony/	минобороны рф  на украине уничтожены основные группировки националистов	True	63087	(?=.*).*	(уничтож)	(наци|националист)
7 March 2022	military.pravda.ru	https://military.pravda.ru/news/1689421-ukraina_rf_nacionalisty_bespilotnik/	опорный пункт националистов уничтожен российским беспилотником  заявили в минобороны	True	50127	(?=.*).*	(уничтож)	(наци|националист)
4 April 2022	military.pravda.ru	https://military.pravda.ru/news/1696024-ukraina_nacionalisty_mariupol/	украинские националисты уничтожают суда в порту мариуполя	True	48881	(?=.*).*	(уничтож)	(наци|националист)
2 May 2022	rg.ru	https://rg.ru/2022/05/02/minoborony-unichtozheno-26-edinic-bronetehniki-vsu-i-do-160-nacionalistov.html	минобороны  уничтожено    единиц бронетехники всу и до     националистов	True	159361	(?=.*).*	(уничтож)	(наци|националист)
2 May 2022	rg.ru	https://rg.ru/2022/05/05/kak-rossijskie-artilleristy-unichtozhaiut-ognevye-tochki-ukrainskih-nacionalistov.html	как российские артиллеристы уничтожают огневые точки украинских националистов	True	160038	(?=.*).*	(уничтож)	(наци|националист)
16 May 2022	rg.ru	https://rg.ru/2022/05/17/specnazovcy-unichtozhili-10-nacionalistov-i-boevuiu-tehniku.html	спецназовцы уничтожили в харьковской области    националистов и боевую технику	True	159425	(?=.*).*	(уничтож)	(наци|националист)
23 May 2022	riafan.ru	https://riafan.ru/23457060-vks_rf_unichtozhili_esche_odin_sklad_vooruzheniya_vsu_i_bolee_350_ukrainskih_natsionalistov	вкс рф уничтожили еще один склад вооружения всу и более     украинских националистов	True	438961	(?=.*).*	(уничтож)	(наци|националист)
27 June 2022	vesti.ru	https://www.vesti.ru/article/2824329	рядовой уничтожил группу нацистов  прятавшихся за горящим автомобилем	True	89764	(?=.*).*	(уничтож)	(наци|националист)
28 March 2022	rg.ru	https://rg.ru/2022/04/02/udar-iskanderom-po-shtabu-oborony-v-harkove-unichtozheny-100-nacionalistov-i-naemnikov.html	удар  искандером  по штабу обороны в харькове  уничтожены     националистов и наемников	True	158780	(?=.*).*	(уничтож)	(наци|националист)
18 April 2022	rg.ru	https://rg.ru/2022/04/21/v-mo-rf-soobshchili-ob-unichtozhenii-120-nacionalistov-i-30-edinic-tehniki-vsu.html	в мо рф сообщили об уничтожении     националистов и    единиц техники всу	True	159745	(?=.*).*	(уничтож)	(наци|националист)
23 May 2022	ria.ru	https://ria.ru/20220527/dnr-1791050739.html	народная милиция днр за сутки уничтожила    украинских националистов	True	228111	(?=.*).*	(уничтож)	(наци|националист)
23 May 2022	ria.ru	https://ria.ru/20220527/dnr-1791297425.html	силы днр уничтожили    украинских националистов с начала суток	True	230961	(?=.*).*	(уничтож)	(наци|националист)
23 May 2022	ria.ru	https://ria.ru/20220527/ukraina-1791066834.html	российская авиация за сутки уничтожила более     украинских националистов	True	227595	(?=.*).*	(уничтож)	(наци|националист)
23 May 2022	ria.ru	https://ria.ru/20220528/dnr-1791456168.html	силы днр уничтожили    украинских националистов	True	227447	(?=.*).*	(уничтож)	(наци|националист)
23 May 2022	ria.ru	https://ria.ru/20220529/dnr-1791515613.html	в днр заявили об уничтожении    украинских националистов за сутки	True	221828	(?=.*).*	(уничтож)	(наци|националист)
23 May 2022	ria.ru	https://ria.ru/20220529/obstrel-1791594693.html	за сутки уничтожили    украинских националиста	True	226059	(?=.*).*	(уничтож)	(наци|националист)
30 May 2022	ria.ru	https://ria.ru/20220531/dnr-1792181328.html	силы днр уничтожили до    украинских националистов	True	239396	(?=.*).*	(уничтож)	(наци|националист)
30 May 2022	ria.ru	https://ria.ru/20220531/natsionalisty-1791963887.html	российская авиация уничтожила до     украинских националистов в днр	True	239191	(?=.*).*	(уничтож)	(наци|националист)
30 May 2022	ria.ru	https://ria.ru/20220531/spetsoperatsiya-1792216027.html	день    й спецоперации  за сутки уничтожены около     националистов	True	230737	(?=.*).*	(уничтож)	(наци|националист)
30 May 2022	ria.ru	https://ria.ru/20220601/natsionalisty-1792284284.html	российская авиация уничтожила более     украинских националистов за сутки	True	238874	(?=.*).*	(уничтож)	(наци|националист)
30 May 2022	ria.ru	https://ria.ru/20220602/spetsoperatsiya-1792578068.html	российская авиация уничтожила до     украинских националистов	True	224961	(?=.*).*	(уничтож)	(наци|националист)
30 May 2022	ria.ru	https://ria.ru/20220603/minoborony-1792835006.html	вкс россии уничтожили более     украинских националистов	True	233681	(?=.*).*	(уничтож)	(наци|националист)
30 May 2022	ria.ru	https://ria.ru/20220604/dnr-1793184021.html	силы россии и днр уничтожили порядка    украинских националистов за сутки	True	237041	(?=.*).*	(уничтож)	(наци|националист)
30 May 2022	ria.ru	https://ria.ru/20220605/aviatsiya-1793253342.html	российская авиация уничтожила более     украинских националистов	True	232165	(?=.*).*	(уничтож)	(наци|националист)
6 June 2022	ria.ru	https://ria.ru/20220606/minoborony-1793398240.html	вс россии за сутки уничтожили более     украинских националистов	True	235327	(?=.*).*	(уничтож)	(наци|националист)
6 June 2022	ria.ru	https://ria.ru/20220608/natsionalisty-1793926462.html	вс россии уничтожили более     украинских националистов в запорожье	True	224977	(?=.*).*	(уничтож)	(наци|националист)
6 June 2022	ria.ru	https://ria.ru/20220609/natsionalisty-1794198734.html	вс россии уничтожили более     украинских националистов за сутки	True	237591	(?=.*).*	(уничтож)	(наци|националист)
21 February 2022	iz.ru	https://iz.ru/1296978/2022-02-25/mo-zaiavilo-ob-unichtozhenii-bolee-200-ukrainskikh-natcionalistov-u-aerodroma-gostomel	мо заявило об уничтожении более     украинских националистов у аэродрома гостомель	True	129620	(?=.*).*	(уничтож)	(наци|националист)
7 March 2022	ren.tv	https://ren.tv/news/v-mire/949623-bespilotnik-rf-unichtozhil-opornyi-punkt-natsionalistov-ukrainy	кадры уничтожения беспилотником вс рф опорного пункта националистов	True	50090	(?=.*).*	(уничтож)	(наци|националист)
4 April 2022	uralpress.ru	https://uralpress.ru/news/obshchestvo/vooruzhennye-sily-rf-unichtozhili-shtab-i-mesto-bazirovaniya-nacionalisticheskogo	вооруженные силы рф уничтожили штаб и место базирования националистического батальона  днепр	True	69939	(?=.*).*	(уничтож)	(наци|националист)
28 February 2022	aif.ru	https://aif.ru/incidents/v_minoborony_rf_zayavili_ob_unichtozhenii_osnovnyh_gruppirovok_nacionalistov	в минобороны рф заявили об уничтожении основных группировок националистов	True	174952	(?=.*).*	(уничтож)	(наци|националист)
4 July 2022	ria.ru	https://ria.ru/20220710/kadyrov-1801559288.html	кадыров  союзные силы на украине уничтожают более ста националистов за бой	True	233417	(?=.*).*	(уничтож)	(наци|националист)
25 July 2022	ria.ru	https://ria.ru/20220726/spetsoperatsiya-1804957412.html	росгвардия сообщила об участии в уничтожении     националистов на украине	True	235614	(?=.*).*	(уничтож)	(наци|националист)
25 July 2022	ria.ru	https://ria.ru/20220730/ukraina-1806047704.html	искандеры  уничтожили более    нацистов  кракена  в харьковской области	True	235992	(?=.*).*	(уничтож)	(наци|националист)
14 March 2022	rusprav.tv	https://rusprav.tv/proekt-unichtozheniya-pravoslaviya-fanar-vatikan-i-ukronacisty-protiv-duxovnogo-edinstva-svyatoj-rusi-125746/	проект уничтожения православия  фанар  ватикан и укронацисты против духовного единства святой руси	True	80739	(?=.*).*	(уничтож)	(наци|националист)
4 April 2022	rusprav.tv	https://rusprav.tv/ukrainskie-nacionalisty-unichtozhayut-inostrannye-suda-v-portu-mariupolya-126285/	украинские националисты уничтожают иностранные суда в порту мариуполя	True	50926	(?=.*).*	(уничтож)	(наци|националист)
21 March 2022	anna-news.info	https://anna-news.info/rossijskij-spetsnaz-v-ozhestochennom-protivostoyanii-unichtozhil-bolee-300-natsionalistov-itogi-dnya-23-03-2022/	российский спецназ в ожесточенном противостоянии уничтожил более     националистов	True	48904	(?=.*).*	(уничтож)	(наци|националист)
4 April 2022	anna-news.info	https://anna-news.info/unichtozhena-razvedgruppa-natsionalistov-v-kievskoj-oblasti-v-herson-vozvrashhaetsya-mirnaya-zhizn-itogi-dnya-04-04-2022/	уничтожена разведгруппа националистов в киевской области  в херсон возвращается мирная жизнь	True	43467	(?=.*).*	(уничтож)	(наци|националист)
11 April 2022	rt.com	https://russian.rt.com/ussr/news/990044-dnr-ukraina-nacionalisty	в днр заявили об уничтожении    украинских националистов за сутки	True	248852	(?=.*).*	(уничтож)	(наци|националист)
11 April 2022	rt.com	https://russian.rt.com/ussr/news/991080-unichtozhenie-ukraina-rosgvardiya	в росгвардии заявили об уничтожении группы украинских националистов с вертолётов	True	248525	(?=.*).*	(уничтож)	(наци|националист)
18 April 2022	rt.com	https://russian.rt.com/ussr/news/993671-raketnye-udary-po-zhivoi-sile	минобороны россии  в результате ударов по объектам всу уничтожены до     националистов	True	254718	(?=.*).*	(уничтож)	(наци|националист)
18 April 2022	rt.com	https://russian.rt.com/ussr/news/994137-vs-rossii-ukraina-rakety	вс россии высокоточными ракетами уничтожили до двух рот националистов на украине	True	251110	(?=.*).*	(уничтож)	(наци|националист)
18 April 2022	rt.com	https://russian.rt.com/ussr/news/994254-minobrony-nacionalis-rossiya	минобороны  вс россии уничтожили укрепрайон националистов в херсонской области	True	252237	(?=.*).*	(уничтож)	(наци|националист)
18 April 2022	rt.com	https://russian.rt.com/ussr/news/994344-dnr-nacionalisty-unichtozhenie	в днр сообщили об уничтожении    украинских националистов за сутки	True	250433	(?=.*).*	(уничтож)	(наци|националист)
25 April 2022	rt.com	https://russian.rt.com/ussr/news/997515-dnr-narodnaya-miliciya	в днр заявили об уничтожении    украинских националистов с начала суток	True	245356	(?=.*).*	(уничтож)	(наци|националист)
18 April 2022	regnum.ru	https://regnum.ru/news/3572503.html	силы днр за сутки уничтожили    украинских националистов	True	392046	(?=.*).*	(уничтож)	(наци|националист)
18 April 2022	regnum.ru	https://regnum.ru/news/3573413.html	силы днр уничтожили    украинских националистов за сутки	True	388430	(?=.*).*	(уничтож)	(наци|националист)
18 April 2022	regnum.ru	https://regnum.ru/news/polit/3573285.html	военные вс рф уничтожили в херсонской области укрепрайон нацистов в школе	True	377455	(?=.*).*	(уничтож)	(наци|националист)
25 April 2022	regnum.ru	https://regnum.ru/news/accidents/3574478.html	силы лнр за сутки уничтожили    украинских националистов	True	392395	(?=.*).*	(уничтож)	(наци|националист)
25 April 2022	regnum.ru	https://regnum.ru/news/3576173.html	патрушев  цель операции на украине   уничтожение плацдарма нацизма	True	394132	(?=.*).*	(уничтож)	(наци|националист)
25 April 2022	regnum.ru	https://regnum.ru/news/3576248.html	ракетными ударами уничтожены четыре склада боеприпасов укронацистов	True	394111	(?=.*).*	(уничтож)	(наци|националист)
28 March 2022	runews24.ru	https://runews24.ru/politics/29/03/2022/673d54s7cf9465a1018263a8c56f6747	глава днр пушилин  денацификация не должна ограничиваться уничтожением нацистов	True	467644	(?=.*).*	(уничтож)	(наци|националист)
28 March 2022	runews24.ru	https://runews24.ru/politics/02/04/2022/673d54s8b70c3c6b107bfe3ef1a5b3cc	минобороны рф  в харькове уничтожено более     националистов и наёмников	True	466097	(?=.*).*	(уничтож)	(наци|националист)
11 April 2022	iz.ru	https://iz.ru/1319108/2022-04-11/zhitelnitca-mariupolia-rasskazala-izvestiiam-o-namerennom-unichtozhenii-goroda-natcionalistami	жительница мариуполя рассказала  известиям  о намеренном уничтожении города националистами	True	132742	(?=.*).*	(уничтож)	(наци|националист)
11 April 2022	iz.ru	https://iz.ru/1321518/2022-04-16/vertolety-rosgvardii-unichtozhili-gruppu-natcionalistov-i-tekhniku-vsu	вертолеты росгвардии уничтожили группу националистов и технику всу	True	131336	(?=.*).*	(уничтож)	(наци|националист)
18 April 2022	iz.ru	https://iz.ru/1322225/2022-04-18/sily-dnr-za-sutki-unichtozhili-49-ukrainskikh-natcionalistov	силы днр за сутки уничтожили    украинских националистов	True	133031	(?=.*).*	(уничтож)	(наци|националист)
2 May 2022	iz.ru	https://iz.ru/1329649/2022-05-03/v-dnr-soobshchili-ob-unichtozhenii-28-ukrainskikh-natcionalistov-za-sutki	в днр сообщили об уничтожении    украинских националистов за сутки	True	129095	(?=.*).*	(уничтож)	(наци|националист)
28 March 2022	news.mail.ru	https://news.mail.ru/incident/50674102/	в днр заявили об уничтожении    украинских националистов за сутки	True	497033	(?=.*).*	(уничтож)	(наци|националист)
11 April 2022	news.mail.ru	https://news.mail.ru/incident/50857014/	подразделения днр за сутки уничтожили    украинских националистов	True	498071	(?=.*).*	(уничтож)	(наци|националист)
23 May 2022	mk.ru	https://www.mk.ru/politics/2022/05/29/dnr-za-sutki-unichtozheny-43-ukrainskikh-nacionalista.html	днр  за сутки уничтожены    украинских националиста	True	144229	(?=.*).*	(уничтож)	(наци|националист)
30 May 2022	mk.ru	https://www.mk.ru/politics/2022/06/04/rossiyskaya-aviaciya-unichtozhila-bolee-400-ukrainskikh-nacionalistov-i-ikh-tekhniku.html	российская авиация уничтожила более     украинских националистов и их технику	True	150240	(?=.*).*	(уничтож)	(наци|националист)
28 March 2022	deita.ru	https://deita.ru/article/513651	рамзан кадыров призвал  уничтожать нациков  вместо переговоров с украиной	True	63800	(?=.*).*	(уничтож)	(наци|националист)
28 February 2022	fedpress.ru	https://fedpress.ru/news/77/policy/2948763	депутат цунаева о спецоперации на украине   цель   уничтожить поклонение нацистам    москва	True	446302	(?=.*).*	(уничтож)	(наци|националист)
28 February 2022	fedpress.ru	https://fedpress.ru/news/ukraine/policy/2950258	под мариуполем националисты уничтожили церковь   украина	True	446320	(?=.*).*	(уничтож)	(наци|националист)
28 March 2022	fedpress.ru	https://fedpress.ru/news/77/society/2955687	вс рф уничтожили более     наемников и националистов в харькове   москва	True	447962	(?=.*).*	(уничтож)	(наци|националист)
28 March 2022	fedpress.ru	https://fedpress.ru/news/77/society/2955687	российские военные уничтожили более     наемников и националистов в харькове   москва	True	447963	(?=.*).*	(уничтож)	(наци|националист)
30 May 2022	rt.com	https://russian.rt.com/ussr/news/1010438-lnr-nacionalist-unichtozhenie	в лнр заявили об уничтожении    украинских националистов за сутки	True	249095	(?=.*).*	(уничтож)	(наци|националист)
30 May 2022	rt.com	https://russian.rt.com/ussr/news/1011670-dnr-voennyi-ukraina	в днр заявили об уничтожении до    украинских националистов за сутки	True	253371	(?=.*).*	(уничтож)	(наци|националист)
6 June 2022	rt.com	https://russian.rt.com/ussr/news/1011985-rosgvardiya-kraken-harkovskaya-oblast	росгвардия уничтожила шесть националистов из  кракена  в харьковской области	True	252885	(?=.*).*	(уничтож)	(наци|националист)
6 June 2022	rt.com	https://russian.rt.com/ussr/news/1012066-voennye-ukraina-likvidaciya	в днр заявили об уничтожении более    украинских националистов за сутки	True	255169	(?=.*).*	(уничтож)	(наци|националист)
6 June 2022	rt.com	https://russian.rt.com/ussr/article/1012522-mariupol-podzhog-zerno	намеренно совершили поджог   в минобороны рф заявили об уничтожении украинскими националистами    тысяч тонн зерна	True	248500	(?=.*).*	(уничтож)	(наци|националист)
6 June 2022	rt.com	https://russian.rt.com/ussr/news/1012231-aviaciya-rossiya-nacionalisty	российская авиация уничтожила более     украинских националистов	True	254034	(?=.*).*	(уничтож)	(наци|националист)
6 June 2022	rt.com	https://russian.rt.com/science/article/1012918-nacisty-unichtozhenie-lidice	пример бесчеловечной слепой жестокости   как нацисты уничтожили чехословацкий посёлок лидице	True	254214	(?=.*).*	(уничтож)	(наци|националист)
13 June 2022	rt.com	https://russian.rt.com/ussr/article/1014302-minoborony-rossiya-vsu-tehnika	доставлена для группировки националистов  в мо рф заявили об уничтожении большого количества военной техники украины	True	246059	(?=.*).*	(уничтож)	(наци|националист)
13 June 2022	rt.com	https://russian.rt.com/ussr/news/1016186-aviaciya-rossiya-ukraina	российская авиация уничтожила за сутки более     националистов на украине	True	252609	(?=.*).*	(уничтож)	(наци|националист)
11 July 2022	rt.com	https://russian.rt.com/ussr/article/1026306-minoborony-rf-udar-nacionalisty-ukraina	в том числе около    иностранных наёмников   в минобороны рф заявили об уничтожении до     националистов в харькове	True	253221	(?=.*).*	(уничтож)	(наци|националист)
11 July 2022	rt.com	https://russian.rt.com/ussr/news/1026264-minoborony-vs-rossii-harkov	минобороны  вс россии уничтожили в харькове до     националистов	True	253634	(?=.*).*	(уничтож)	(наци|националист)
25 July 2022	rt.com	https://russian.rt.com/ussr/news/1030003-aviaciya-rossiya-dnr-zaicevo	авиация вкс россии уничтожила более    националистов под зайцевом в днр	True	253605	(?=.*).*	(уничтож)	(наци|националист)
13 June 2022	regnum.ru	https://regnum.ru/news/3623080.html	в днр за сутки уничтожили более    украинских националистов	True	373510	(?=.*).*	(уничтож)	(наци|националист)
20 June 2022	regnum.ru	https://regnum.ru/news/3625729.html	силы лнр за сутки уничтожили    украинских националистов	True	402484	(?=.*).*	(уничтож)	(наци|националист)
20 June 2022	regnum.ru	https://regnum.ru/news/3627205.html	ударами вс рф за сутки уничтожено свыше     нацистов   минобороны россии	True	401408	(?=.*).*	(уничтож)	(наци|националист)
20 June 2022	regnum.ru	https://regnum.ru/news/3628204.html	вкс россии уничтожили на украине более     наёмников и националистов	True	402228	(?=.*).*	(уничтож)	(наци|националист)
27 June 2022	regnum.ru	https://regnum.ru/news/polit/3631350.html	вкс россии уничтожили под харьковом более ста националистов и наёмников	True	399500	(?=.*).*	(уничтож)	(наци|националист)
27 June 2022	regnum.ru	https://regnum.ru/news/polit/3632596.html	артиллерия вс рф уничтожила до ста украинских нацистов   минобороны россии	True	400670	(?=.*).*	(уничтож)	(наци|националист)
13 June 2022	lenta.ru	https://lenta.ru/news/2022/06/14/rsgurd/	росгвардейцы с беспилотниками уничтожили позиции националистов в лнр	True	274973	(?=.*).*	(уничтож)	(наци|националист)
7 March 2022	life.ru	https://life.ru/p/1478292	герой рф старостин рассказал  как с экипажем уничтожил восемь бтр и почти взвод националистов	True	43891	(?=.*).*	(уничтож)	(наци|националист)
21 March 2022	life.ru	https://life.ru/p/1481983	уничтожают технику и националистов  в минобороны рассказали о подвигах военнослужащих рф в ходе  операции z	True	20108	(?=.*).*	(уничтож)	(наци|националист)
14 March 2022	m24.ru	https://www.m24.ru/news/politika/19032022/442152	минобороны опубликовало кадры уничтожения опорного пункта украинских националистов	True	196828	(?=.*).*	(уничтож)	(наци|националист)
11 April 2022	m24.ru	https://www.m24.ru/news/politika/16042022/451988	вертолеты росгвардии уничтожили группу украинских националистов и их военную технику	True	196857	(?=.*).*	(уничтож)	(наци|националист)
2 May 2022	m24.ru	https://www.m24.ru/news/politika/02052022/457540	в мо рф заявили об уничтожении до     националистов на украине	True	196979	(?=.*).*	(уничтож)	(наци|националист)
11 July 2022	m24.ru	https://www.m24.ru/news/politika/15072022/481701	в мо рф сообщили об уничтожении до     националистов в харькове	True	198687	(?=.*).*	(уничтож)	(наци|националист)
18 April 2022	aif.ru	https://aif.ru/politics/world/rossiyskie_voennye_unichtozhili_ukreprayon_nacionalistov_v_hersonskoy_oblasti	российские военные уничтожили укрепрайон националистов в херсонской области	True	177950	(?=.*).*	(уничтож)	(наци|националист)
11 July 2022	regnum.ru	https://regnum.ru/news/polit/3647625.html	российская авиация уничтожила в артемовске до     украинских националистов	True	397685	(?=.*).*	(уничтож)	(наци|националист)
4 April 2022	riafan.ru	https://riafan.ru/22872359-narodnaya_militsiya_dnr_s_nachala_dnya_unichtozheno_39_ukrainskih_natsionalistov	народная милиция днр  с начала дня уничтожено    украинских националистов	True	417543	(?=.*).*	(уничтож)	(наци|националист)
4 April 2022	riafan.ru	https://riafan.ru/22872359-narodnaya_militsiya_dnr_s_nachala_dnya_unichtozheno_39_ukrainskih_natsionalistov	народная милиция днр  с начала дня уничтожено    украинских националистов   федеральное агентство новостей no	True	417934	(?=.*).*	(уничтож)	(наци|националист)
11 April 2022	riafan.ru	https://riafan.ru/22928118-na_poroge_azovstali_kak_rossiya_i_dnr_unichtozhayut_poslednii_oplot_natsistov_v_mariupole	на пороге  азовстали   как россия и днр уничтожают последний оплот нацистов в мариуполе	True	421090	(?=.*).*	(уничтож)	(наци|националист)
11 April 2022	riafan.ru	https://riafan.ru/23036197-voennii_analitik_dandikin_armiya_rossii_ne_pozvolit_natsistam_unichtozhat_naselenie_ukraini	военный аналитик дандыкин  армия россии не позволит нацистам уничтожать население украины	True	424542	(?=.*).*	(уничтож)	(наци|националист)
11 April 2022	riafan.ru	https://riafan.ru/23078306-narodnaya_militsiya_lnr_za_sutki_unichtozhila_bolee_60_natsionalistov	народная милиция днр за сутки уничтожила более    националистов	True	425584	(?=.*).*	(уничтож)	(наци|националист)
11 April 2022	riafan.ru	https://riafan.ru/23078306-narodnaya_militsiya_lnr_za_sutki_unichtozhila_bolee_60_natsionalistov	народная милиция лнр за сутки уничтожила более    националистов	True	425581	(?=.*).*	(уничтож)	(наци|националист)
18 April 2022	riafan.ru	https://riafan.ru/23112911-unichtozhaetsya_pamyat_klintsevich_ob_oskvernenii_natsionalistami_pamyatnikov_geroyam_vov_na_ukraine	уничтожается память  клинцевич об осквернении националистами памятников героям вов на украине	True	422773	(?=.*).*	(уничтож)	(наци|националист)
18 April 2022	riafan.ru	https://riafan.ru/23113033-minoboroni_rf_zayavilo_ob_unichtozhenii_120_natsionalistov_v_novotoshkovskom	минобороны рф заявило об уничтожении     националистов в новотошковском	True	422762	(?=.*).*	(уничтож)	(наци|националист)
18 April 2022	riafan.ru	https://riafan.ru/23114288-kirienko_rossiya_sdelaet_vse_vozmozhnoe_dlya_unichtozheniya_natsizma_v_mire	кириенко  россия сделает все возможное для уничтожения нацизма в мире	True	429502	(?=.*).*	(уничтож)	(наци|националист)
18 April 2022	riafan.ru	https://riafan.ru/23114682-politolog_abdulova_o_snose_pamyatnika_zhukovu_neonatsisti_unichtozhayut_simvoli_pobedi_nad_fashizmom	политолог абдулова о сносе памятника жукову  неонацисты уничтожают символы победы над фашизмом	True	434586	(?=.*).*	(уничтож)	(наци|националист)
18 April 2022	riafan.ru	https://riafan.ru/23117321-narodnaya_militsiya_dnr_soobschila_ob_unichtozhenii_35_ukrainskih_natsionalistov_za_sutki	народная милиция днр сообщила об уничтожении    украинских националистов за сутки	True	436431	(?=.*).*	(уничтож)	(наци|националист)
18 April 2022	riafan.ru	https://riafan.ru/23147823-deputat_vodolatskii_ustanovka_natsistov_unichtozhat_vseh_kto_vistupaet_za_mirnii_dialog_s_rossiei	депутат водолацкий  установка нацистов   уничтожать всех  кто выступает за мирный диалог с россией	True	428220	(?=.*).*	(уничтож)	(наци|националист)
25 April 2022	riafan.ru	https://riafan.ru/23149897-zhurnalist_manukyan_unichtozhenie_sovetskih_pamyatnikov_demonstriruet_trusost_kievskih_natsistov	журналист манукян  уничтожение советских памятников демонстрирует трусость киевских нацистов	True	435735	(?=.*).*	(уничтож)	(наци|националист)
25 April 2022	riafan.ru	https://riafan.ru/23152071-minoboroni_vks_rf_unichtozhili_do_200_ukrainskih_natsionalistov_v_techenie_dnya	минобороны  вкс рф уничтожили до     украинских националистов в течение дня	True	431549	(?=.*).*	(уничтож)	(наци|националист)
25 April 2022	riafan.ru	https://riafan.ru/23152599-v_seti_pokazali_kadri_unichtozhennogo_vs_rf_ukrepraiona_ukrainskih_natsionalistov	в сети показали кадры уничтоженного вс рф укрепрайона украинских националистов	True	433723	(?=.*).*	(уничтож)	(наци|националист)
25 April 2022	riafan.ru	https://riafan.ru/23152624-maior_vs_rf_dremlyuga_unichtozhil_15_ukrainskih_natsionalistov_v_hode_spetsoperatsii	майор вс рф дремлюга уничтожил    украинских националистов в ходе спецоперации	True	433730	(?=.*).*	(уничтож)	(наци|националист)
30 May 2022	tvzvezda.ru	https://tvzvezda.ru/news/20225301052-1lNcl.html	оперативно тактической  армейской и беспилотной авиацией уничтожено до     националистов за сутки	True	485847	(?=.*).*	(уничтож)	(наци|националист)
30 May 2022	tvzvezda.ru	https://tvzvezda.ru/news/2022631147-x09DF.html	российская авиация уничтожила более     украинских националистов за сутки	True	485705	(?=.*).*	(уничтож)	(наци|националист)
30 May 2022	tvzvezda.ru	https://tvzvezda.ru/news/2022651043-TdIw3.html	нм днр  украинские националисты уничтожили шахту им  челюскинцев минометами   градами  и  ураганами	True	485330	(?=.*).*	(уничтож)	(наци|националист)
6 June 2022	tvzvezda.ru	https://tvzvezda.ru/news/20226101120-6nwmE.html	российская авиация за сутки уничтожила     украинских националистов	True	486904	(?=.*).*	(уничтож)	(наци|националист)
13 June 2022	tvzvezda.ru	https://tvzvezda.ru/news/20226151116-NRXGW.html	ударами российской авиации уничтожено более     украинских националистов за сутки	True	484802	(?=.*).*	(уничтож)	(наци|националист)
13 June 2022	tvzvezda.ru	https://tvzvezda.ru/news/20226161121-UfdK4.html	российская авиация уничтожила более     украинских националистов за сутки	True	487005	(?=.*).*	(уничтож)	(наци|националист)
13 June 2022	tvzvezda.ru	https://tvzvezda.ru/news/20226171152-ZlfJx.html	ракетные войска и артиллерия уничтожили более     украинских националистов за сутки	True	486359	(?=.*).*	(уничтож)	(наци|националист)
20 June 2022	tvzvezda.ru	https://tvzvezda.ru/news/2022625127-4U8V2.html	мо рф  авиация  ракетные войска и артиллерия уничтожили свыше     националистов за сутки	True	485392	(?=.*).*	(уничтож)	(наци|националист)
27 June 2022	tvzvezda.ru	https://tvzvezda.ru/news/20226271436-yTAEx.html	в мо рф заявили об уничтожении под лисичанском заградотряда украинских неонацистов	True	484188	(?=.*).*	(уничтож)	(наци|националист)
27 June 2022	tvzvezda.ru	https://tvzvezda.ru/news/20226302347-oZny0.html	в минобороны рассказали  как рядовой вс рф в одиночку уничтожил группу националистов	True	481546	(?=.*).*	(уничтож)	(наци|националист)
4 July 2022	tvzvezda.ru	https://tvzvezda.ru/news/2022772320-bKG5j.html	нацисты пытались уничтожить город  мо запустило новый раздел об освобождении одессы в годы вов	True	481051	(?=.*).*	(уничтож)	(наци|националист)
11 July 2022	tvzvezda.ru	https://tvzvezda.ru/news/20227102124-26I7E.html	уничтожить националистов и восстановить связь  в мо рф рассказали о новых подвигах военнослужащих на украине	True	485493	(?=.*).*	(уничтож)	(наци|националист)
11 July 2022	tvzvezda.ru	https://tvzvezda.ru/news/20227111159-8Gofi.html	в мо рф заявили об уничтожении более     украинских националистов в пункте временной дислокации	True	486101	(?=.*).*	(уничтож)	(наци|националист)
25 July 2022	tvzvezda.ru	https://tvzvezda.ru/news/2022730539-qDzkB.html	внезапный удар  как командир танка сергей королевич уничтожил    националистов и рсзо противника	True	486126	(?=.*).*	(уничтож)	(наци|националист)
16 May 2022	regnum.ru	https://regnum.ru/news/accidents/3597483.html	в днр за сутки уничтожили    украинских националистов	True	385004	(?=.*).*	(уничтож)	(наци|националист)
23 May 2022	regnum.ru	https://regnum.ru/news/polit/3598362.html	российская авиация за сутки уничтожила более     украинских националистов	True	379159	(?=.*).*	(уничтож)	(наци|националист)
23 May 2022	regnum.ru	https://regnum.ru/news/3599457.html	нм днр сообщила об уничтожении    украинских националистов	True	395674	(?=.*).*	(уничтож)	(наци|националист)
23 May 2022	regnum.ru	https://regnum.ru/news/3600183.html	бойцы днр захватили рсзо  град  и уничтожили за сутки    укронациста	True	379632	(?=.*).*	(уничтож)	(наци|националист)
23 May 2022	regnum.ru	https://regnum.ru/news/polit/3599433.html	ударами российской авиации уничтожены более     украинских националистов	True	395679	(?=.*).*	(уничтож)	(наци|националист)
23 May 2022	regnum.ru	https://regnum.ru/news/3601804.html	силы днр за сутки уничтожили    украинских националистов	True	401586	(?=.*).*	(уничтож)	(наци|националист)
23 May 2022	regnum.ru	https://regnum.ru/news/3602961.html	силы лнр за сутки уничтожили    украинских националиста	True	388946	(?=.*).*	(уничтож)	(наци|националист)
23 May 2022	regnum.ru	https://regnum.ru/news/3603899.html	за сутки в днр уничтожено    украинских националистов	True	385671	(?=.*).*	(уничтож)	(наци|националист)
23 May 2022	regnum.ru	https://regnum.ru/news/accidents/3604111.html	в днр за сутки уничтожили более    украинских националистов	True	388002	(?=.*).*	(уничтож)	(наци|националист)
23 May 2022	regnum.ru	https://regnum.ru/news/polit/3603929.html	в результате ударов авиации рф уничтожено     украинских националистов	True	390190	(?=.*).*	(уничтож)	(наци|националист)
30 May 2022	regnum.ru	https://regnum.ru/news/accidents/3607156.html	силы лнр за сутки уничтожили    националиста	True	401658	(?=.*).*	(уничтож)	(наци|националист)
30 May 2022	regnum.ru	https://regnum.ru/news/society/3607224.html	более     украинских националистов уничтожены ударами российской авиации	True	401651	(?=.*).*	(уничтож)	(наци|националист)
2 May 2022	pda.kp.ru	https://pda.kp.ru/daily/27387/4581720/	герои спецоперации  z   экипаж танкиста хамитова за сражение уничтожил более    националистов	True	336221	(?=.*).*	(уничтож)	(наци|националист)
2 May 2022	pda.kp.ru	https://pda.kp.ru/online/news/4737176/	силы днр уничтожили    украинских националистов за последние сутки	True	331239	(?=.*).*	(уничтож)	(наци|националист)
6 June 2022	pda.kp.ru	https://pda.kp.ru/daily/27401/4598244/	минобороны уничтожило  градами      украинских националистов	True	338646	(?=.*).*	(уничтож)	(наци|националист)
6 June 2022	pda.kp.ru	https://pda.kp.ru/daily/27402/4598661/	герои спецоперации  z   ефрейтор антонов за четыре часа боя из автомата уничтожил    националистов	True	333561	(?=.*).*	(уничтож)	(наци|националист)
6 June 2022	pda.kp.ru	https://pda.kp.ru/daily/27403/4599466/	минобороны  за сутки на донбассе уничтожено     украинских националистов	True	334289	(?=.*).*	(уничтож)	(наци|националист)
6 June 2022	pda.kp.ru	https://pda.kp.ru/daily/27404/4601044/	герои спецоперации  z   матрос доможилкин навязал бой и уничтожил более    украинских националистов	True	335484	(?=.*).*	(уничтож)	(наци|националист)
13 June 2022	pda.kp.ru	https://pda.kp.ru/daily/27406/4603242/	минобороны  за сутки на позициях уничтожено более     украинских националистов	True	339705	(?=.*).*	(уничтож)	(наци|националист)
20 June 2022	pda.kp.ru	https://pda.kp.ru/daily/27409/4607118/	минобороны  уничтожены     украинских националистов  что обстреливали донецк	True	339542	(?=.*).*	(уничтож)	(наци|националист)
11 July 2022	5-tv.ru	https://www.5-tv.ru/news/393578/splosnye-ruiny-voenkor-izvestij-pokazal-posledstvia-obstrelov-limana-nacionalistami/	видео  националисты всу уничтожили половину донецкого лимана	True	107891	(?=.*).*	(уничтож)	(наци|националист)
11 July 2022	5-tv.ru	https://www.5-tv.ru/news/393578/splosnye-ruiny-voenkor-izvestij-pokazal-posledstvia-obstrelov-limana-nacionalistami/	видео  националисты уничтожили половину донецкого лимана	True	107903	(?=.*).*	(уничтож)	(наци|националист)
11 July 2022	5-tv.ru	https://www.5-tv.ru/news/394232/minoborony-soobsili-olikvidacii-nacionalistov-pravogo-sektora-vdnr/	минобороны  в днр уничтожены националисты  правого сектора	True	108437	(?=.*).*	(уничтож)	(наци|националист)
21 March 2022	riafan.ru	https://riafan.ru/22573782-kseniya_borodina_zayavila_chto_zhenschini_ne_dolzhni_borot_sya_za_muzhchin	ксения бородина заявила  что женщины не должны бороться за мужчин   уничтожают все советское и русское  почему националисты разрушают города украины	True	419383	(?=.*).*	(уничтож)	(наци|националист)
28 March 2022	riafan.ru	https://riafan.ru/22647800-ukrainskie_natsionalisti_ne_smogli_unichtozhit_vipolnyavshii_boevuyu_zadachu_ka_52_vks_rf	украинские националисты не смогли уничтожить выполнявший боевую задачу ка    вкс рф   федеральное агентство новостей no	True	406305	(?=.*).*	(уничтож)	(наци|националист)
28 March 2022	riafan.ru	https://riafan.ru/22649766-basurin_boitsi_nm_dnr_za_minuvshie_sutki_unichtozhili_43_ukrainskih_natsionalista	басурин  бойцы нм днр за минувшие сутки уничтожили    украинских националиста   федеральное агентство новостей no	True	407703	(?=.*).*	(уничтож)	(наци|националист)
28 March 2022	riafan.ru	https://riafan.ru/22650428-v_narodnoi_militsii_dnr_soobschili_ob_unichtozhenii_59_ukrainskih_natsionalistov_v_techenie_sutok	в народной милиции днр сообщили об уничтожении    украинских националистов в течение суток	True	405704	(?=.*).*	(уничтож)	(наци|националист)
4 April 2022	riafan.ru	https://riafan.ru/22657229-narodnaya_militsiya_dnr_sili_respubliki_za_sutki_unichtozhili_52_ukrainskih_natsionalista	народная милиция днр  силы республики за сутки уничтожили    украинских националиста   федеральное агентство новостей no	True	413731	(?=.*).*	(уничтож)	(наци|националист)
4 April 2022	riafan.ru	https://riafan.ru/22685351-v_dnr_soobschili_ob_unichtozhenii_ukrainskimi_natsionalistami_inostrannih_sudov_v_mariupole	в днр сообщили об уничтожении украинскими националистами иностранных судов в мариуполе	True	412169	(?=.*).*	(уничтож)	(наци|националист)
18 April 2022	ura.news	https://ura.news/news/1052548012	минобороны рф  военные уничтожили пункт националистов	True	296393	(?=.*).*	(уничтож)	(наци|националист)
25 April 2022	ura.news	https://ura.news/news/1052549919	российские военные уничтожили несколько националистских районов	True	296071	(?=.*).*	(уничтож)	(наци|националист)
23 May 2022	ura.news	https://ura.news/news/1052556434	минобороны  авиация уничтожила сотни украинских националистов	True	300339	(?=.*).*	(уничтож)	(наци|националист)
4 April 2022	regnum.ru	https://regnum.ru/news/polit/3556666.html	силы днр уничтожили за сутки    украинских националистов	True	358303	(?=.*).*	(уничтож)	(наци|националист)
4 April 2022	regnum.ru	https://regnum.ru/news/polit/3557270.html	возле чугуева уничтожена топливная база укронацистов   минобороны рф	True	355438	(?=.*).*	(уничтож)	(наци|националист)
4 April 2022	regnum.ru	https://regnum.ru/news/3557966.html	в днр заявили об уничтожении    украинских националистов за сутки	True	356500	(?=.*).*	(уничтож)	(наци|националист)
4 April 2022	regnum.ru	https://regnum.ru/news/polit/3558437.html	под житомиром уничтожено скопление техники укронацистов   минобороны	True	371575	(?=.*).*	(уничтож)	(наци|националист)
4 April 2022	regnum.ru	https://regnum.ru/news/3560646.html	прямиком на божий суд    вмс россии уничтожили сухогруз с нацистами	True	378246	(?=.*).*	(уничтож)	(наци|националист)
11 April 2022	regnum.ru	https://regnum.ru/news/3561583.html	сеть   нацизм будет уничтожен     российские флаги развеваются в херсоне	True	383003	(?=.*).*	(уничтож)	(наци|националист)
11 April 2022	regnum.ru	https://regnum.ru/news/polit/3561688.html	ракетой  кинжал  уничтожен подземный штаб группировки укронацистов   мо рф	True	382577	(?=.*).*	(уничтож)	(наци|националист)
11 April 2022	regnum.ru	https://regnum.ru/news/3565391.html	в кузбассе уверены  что  нацизм должен быть уничтожен	True	375403	(?=.*).*	(уничтож)	(наци|националист)
11 April 2022	regnum.ru	https://regnum.ru/news/accidents/3565703.html	в днр за сутки уничтожили    украинских националистов	True	376543	(?=.*).*	(уничтож)	(наци|националист)
18 April 2022	regnum.ru	https://regnum.ru/news/3570740.html	почему не уничтожат нацистов в  азовстали     тг каналы ищут объяснения	True	398786	(?=.*).*	(уничтож)	(наци|националист)
11 April 2022	runews24.ru	https://runews24.ru/politics/16/04/2022/673d54sd3ab4fd68ac3fb1d36a99e90b	авиация росгвардии уничтожила группу украинских националистов и военную технику	True	469535	(?=.*).*	(уничтож)	(наци|националист)
25 April 2022	runews24.ru	https://runews24.ru/society/27/04/2022/673d54sc6f12d8c4f22e9d0de3ec3f02	минобороны россии  в ходе спецоперации майор вс рф дремлюга уничтожил    националистов	True	473826	(?=.*).*	(уничтож)	(наци|националист)
23 May 2022	runews24.ru	https://runews24.ru:443/politics/23/05/2022/673d54s9deba4c7e690c826b2e949b49	националисты  азова  уничтожали доказательства своих преступлений в донбассе	True	468606	(?=.*).*	(уничтож)	(наци|националист)
23 May 2022	runews24.ru	https://runews24.ru:443/politics/23/05/2022/673d54s9deba4c7e690c826b2e949b49	националисты уничтожали доказательства своих преступлений в донбассе	True	468599	(?=.*).*	(уничтож)	(наци|националист)
14 March 2022	pnp.ru	https://www.pnp.ru/politics/minoborony-pochti-vse-ognevye-tochki-neonacistov-pod-mariupolem-unichtozheny.html	минобороны  почти все огневые точки неонацистов под мариуполем уничтожены	True	89570	(?=.*).*	(уничтож)	(наци|националист)
18 April 2022	rapsinews.ru	http://rapsinews.ru/historical_memory_publication/20220420/307900713.html	нюрнбергский процесс  нацистские планы уничтожения    миллионов славян	True	118150	(?=.*).*	(уничтож)	(наци|националист)
21 March 2022	riafan.ru	https://riafan.ru/22070050-unichtozhayut_vse_sovetskoe_i_russkoe_pochemu_natsionalisti_razrushayut_goroda_ukraini	уничтожают все советское и русское  почему националисты разрушают города украины   федеральное агентство новостей no	True	419182	(?=.*).*	(уничтож)	(наци|националист)
7 February 2022	tvzvezda.ru	https://tvzvezda.ru/news/20222131148-melyO.html	преступления без срока давности  как украинские националисты уничтожают мирное население донбасса	True	482329	(?=.*).*	(уничтож)	(наци|националист)
21 February 2022	tvzvezda.ru	https://tvzvezda.ru/news/20222271941-jKyFQ.html	мо рф  потери среди российских военнослужащих многократно меньше уничтоженных националистов и потерь всу	True	478489	(?=.*).*	(уничтож)	(наци|националист)
28 February 2022	tvzvezda.ru	https://tvzvezda.ru/news/2022361116-JShw3.html	самолет су    высокоточным ударом уничтожил объект военной инфраструктуры украинских националистов	True	479753	(?=.*).*	(уничтож)	(наци|националист)
14 March 2022	tvzvezda.ru	https://tvzvezda.ru/news/20223141722-3HRyh.html	в мо рф заявили об уничтожении почти всех огневых точек украинских националистов в пригородах мариуполя	True	483550	(?=.*).*	(уничтож)	(наци|националист)
14 March 2022	tvzvezda.ru	https://tvzvezda.ru/news/20223171143-HKvVo.html	мо рф опубликовало кадры уничтожения артиллерией позиций украинских националистов под киевом	True	478314	(?=.*).*	(уничтож)	(наци|националист)
14 March 2022	tvzvezda.ru	https://tvzvezda.ru/news/2022319811-pREj1.html	с малых высот  кадры уничтожения армейской авиацией рф опорного пункта украинских националистов	True	482573	(?=.*).*	(уничтож)	(наци|националист)
21 March 2022	tvzvezda.ru	https://tvzvezda.ru/news/2022326123-jayGn.html	задача выполнена  какие вооружения украинских националистов уничтожили вс рф за первый этап спецоперации	True	477716	(?=.*).*	(уничтож)	(наци|националист)
28 March 2022	tvzvezda.ru	https://tvzvezda.ru/news/2022411518-1VRMN.html	басурин рассказал об уничтожении вертолетов с националистами под мариуполем	True	477493	(?=.*).*	(уничтож)	(наци|националист)
28 March 2022	tvzvezda.ru	https://tvzvezda.ru/news/2022421914-wrzxq.html	мо рф     марта более     националистов и наемников уничтожены в харькове ударом  искандера	True	477237	(?=.*).*	(уничтож)	(наци|националист)
4 April 2022	tvzvezda.ru	https://tvzvezda.ru/news/202244920-GRWVT.html	материалы следствия  как украинские националисты уничтожали мирных жителей в пожарах и пыточных	True	480583	(?=.*).*	(уничтож)	(наци|националист)
4 April 2022	tvzvezda.ru	https://tvzvezda.ru/news/2022462037-ufJeL.html	мо рф  в донецкой области высокоточной ракетой уничтожена база националистов	True	476125	(?=.*).*	(уничтож)	(наци|националист)
4 April 2022	tvzvezda.ru	https://tvzvezda.ru/news/2022462229-Cilvc.html	народная милиция днр уничтожила    украинских националистов за сутки	True	476053	(?=.*).*	(уничтож)	(наци|националист)
4 April 2022	tvzvezda.ru	https://tvzvezda.ru/news/202247126-pdmb3.html	вопрос времени  как проходит операция по уничтожению националистов в мариуполе	True	476034	(?=.*).*	(уничтож)	(наци|националист)
2 May 2022	regnum.ru	https://regnum.ru/news/polit/3582550.html	штурмовики вкс за день уничтожили более     укронацистов   минобороны	True	378565	(?=.*).*	(уничтож)	(наци|националист)
2 May 2022	regnum.ru	https://regnum.ru/news/3582979.html	силы лнр за сутки уничтожили семь украинских националистов	True	376921	(?=.*).*	(уничтож)	(наци|националист)
2 May 2022	regnum.ru	https://regnum.ru/news/3583122.html	силы днр за сутки уничтожили    украинских националиста	True	380685	(?=.*).*	(уничтож)	(наци|националист)
2 May 2022	regnum.ru	https://regnum.ru/news/3584875.html	возле попасной ракетами вкс уничтожен склад боеприпасов укронацистов	True	355173	(?=.*).*	(уничтож)	(наци|националист)
2 May 2022	regnum.ru	https://regnum.ru/news/3584899.html	с начала военной операции уничтожено     самолёта и вертолёта укронацистов	True	355032	(?=.*).*	(уничтож)	(наци|националист)
2 May 2022	regnum.ru	https://regnum.ru/news/3585357.html	в днр за сутки уничтожили более    украинских националистов	True	352876	(?=.*).*	(уничтож)	(наци|националист)
2 May 2022	regnum.ru	https://regnum.ru/news/polit/3585168.html	силы днр за сутки уничтожили    украинских националистов	True	358141	(?=.*).*	(уничтож)	(наци|националист)
2 May 2022	regnum.ru	https://regnum.ru/news/accidents/3585872.html	в днр за сутки уничтожили более    украинских националистов	True	354703	(?=.*).*	(уничтож)	(наци|националист)
9 May 2022	regnum.ru	https://regnum.ru/news/3588481.html	силы днр за сутки уничтожили    националистов	True	356272	(?=.*).*	(уничтож)	(наци|националист)
9 May 2022	regnum.ru	https://regnum.ru/news/3588996.html	в луганской народной республике уничтожен склад горючего укронацистов	True	355171	(?=.*).*	(уничтож)	(наци|националист)
9 May 2022	regnum.ru	https://regnum.ru/news/3589009.html	с начала спецоперации уничтожено     беспилотников укронацистов	True	355158	(?=.*).*	(уничтож)	(наци|националист)
9 May 2022	regnum.ru	https://regnum.ru/news/3590730.html	в днр за сутки уничтожили    украинских националистов	True	354839	(?=.*).*	(уничтож)	(наци|националист)
9 May 2022	regnum.ru	https://regnum.ru/news/3590987.html	в днр уничтожили    украинских националистов с начала суток	True	383912	(?=.*).*	(уничтож)	(наци|националист)
4 April 2022	sevastopol.su	https://sevastopol.su/news/minoborony-soobshchilo-ob-unichtozhenii-bazy-nacionalisticheskogo-batalona-na-ukraine	минобороны сообщило об уничтожении базы националистического батальона на украине	True	522436	(?=.*).*	(уничтож)	(наци|националист)
18 April 2022	sevastopol.su	https://sevastopol.su/news/minoborony-vs-rossii-unichtozhili-ukreprayon-nacionalistov-v-hersonskoy-oblasti	минобороны  вс россии уничтожили укрепрайон националистов в херсонской области	True	521835	(?=.*).*	(уничтож)	(наци|националист)
14 March 2022	pda.kp.ru	https://pda.kp.ru/online/news/4671278/	минобороны россии заявило об уничтожении укрепленного опорного пункта украинских националистов	True	334154	(?=.*).*	(уничтож)	(наци|националист)
14 March 2022	pda.kp.ru	https://pda.kp.ru/online/news/4671278/	минобороны россии заявило об уничтожении укрепленного опорного пункта украинских националистов	True	334156	(?=.*).*	(уничтож)	(наци|националист)
21 March 2022	pda.kp.ru	https://pda.kp.ru/daily/27369/4561680/	минобороны россии  группы  ночных охотников  уничтожают боевую технику украинских националистов	True	335505	(?=.*).*	(уничтож)	(наци|националист)
21 March 2022	pda.kp.ru	https://pda.kp.ru/daily/27371.5/4563342/	минобороны продемонстрировало уничтожение группой ка    опорного пункта украинских националистов	True	328876	(?=.*).*	(уничтож)	(наци|националист)
21 March 2022	pda.kp.ru	https://pda.kp.ru/daily/27371.5/4563769/	десантно штурмовой взвод лейтенанта ильязова уничтожил батальон неонацистов	True	324694	(?=.*).*	(уничтож)	(наци|националист)
21 March 2022	pda.kp.ru	https://pda.kp.ru/daily/27371.5/4563987/	метким выстрелом из рпг ефрейтор хисматуллин уничтожил    неонацистов	True	326482	(?=.*).*	(уничтож)	(наци|националист)
28 March 2022	pda.kp.ru	https://pda.kp.ru/daily/27373/4566090/	награждённые орденами российские военные рассказали  как уничтожали неонацистов на украине в  танковой карусели	True	323990	(?=.*).*	(уничтож)	(наци|националист)
28 March 2022	pda.kp.ru	https://pda.kp.ru/daily/27374.5/4567210/	минобороны одним ударом уничтожило более     неонацистов и иностранных наемников	True	326086	(?=.*).*	(уничтож)	(наци|националист)
28 March 2022	pda.kp.ru	https://pda.kp.ru/online/news/4691029/	минобороны россии заявило об уничтожении более     националистов в харькове	True	326070	(?=.*).*	(уничтож)	(наци|националист)
28 March 2022	pda.kp.ru	https://pda.kp.ru/online/news/4691287/	в народной милиции днр сообщили  что военные силы республики за сутки уничтожили    националистов	True	330095	(?=.*).*	(уничтож)	(наци|националист)
4 April 2022	pda.kp.ru	https://pda.kp.ru/online/news/4692892/	спецназ росгвардии уничтожил группу националистов и цех с боеприпасами в киевской области	True	332688	(?=.*).*	(уничтож)	(наци|националист)
11 April 2022	pda.kp.ru	https://pda.kp.ru/daily/27378/4571211/	минобороны  капитан гостюхин уничтожил    нацистов на пикапах с  кочующими  минометами	True	333369	(?=.*).*	(уничтож)	(наци|националист)
11 April 2022	pda.kp.ru	https://pda.kp.ru/online/news/4709589/	в росгвардии сообщили об уничтожении группы украинских националистов и военной техники	True	330729	(?=.*).*	(уничтож)	(наци|националист)
11 April 2022	pda.kp.ru	https://pda.kp.ru/online/news/4710113/	глава днр заявил  что украинские националисты в мариуполе не намерены сдаваться и подлежат уничтожению	True	337099	(?=.*).*	(уничтож)	(наци|националист)
18 April 2022	pda.kp.ru	https://pda.kp.ru/daily/27381/4575362/	минобороны  за день на донбассе уничтожено     украинских националистов	True	336619	(?=.*).*	(уничтож)	(наци|националист)
18 April 2022	pda.kp.ru	https://pda.kp.ru/daily/27382/4576099/	минобороны показывает  как расчеты рсзо  смерч  уничтожают грузы с новой техникой для украинских националистов	True	338906	(?=.*).*	(уничтож)	(наци|националист)
18 April 2022	pda.kp.ru	https://pda.kp.ru/daily/27383.5/4576780/	минобороны  ракетчики уничтожили на станции мелиоративное батальон националистов	True	337445	(?=.*).*	(уничтож)	(наци|националист)
18 April 2022	pda.kp.ru	https://pda.kp.ru/online/news/4719533/	минобороны  российские военные уничтожили опорный пункт националистов в херсонской области	True	333232	(?=.*).*	(уничтож)	(наци|националист)
18 April 2022	pda.kp.ru	https://pda.kp.ru/online/news/4720459/	в минобороны сообщили  что авиация россии уничтожила     украинских националистов	True	336981	(?=.*).*	(уничтож)	(наци|националист)
11 July 2022	kazanfirst.ru	https://kazanfirst.ru/news/587102	минобороны  российская армия уничтожила до одной тысячи националистов за сутки	True	100345	(?=.*).*	(уничтож)	(наци|националист)
4 April 2022	life.ru	https://life.ru/p/1485886	появилось видео уничтожения машины красного креста украинскими националистами	True	127682	(?=.*).*	(уничтож)	(наци|националист)
14 March 2022	m24.ru	https://www.m24.ru/news/politika/17032022/441499	минобороны рф опубликовало кадры уничтожения позиций украинских националистов	True	195280	(?=.*).*	(уничтож)	(наци|националист)
21 March 2022	m24.ru	https://www.m24.ru/news/politika/23032022/443661	в росгвардии заявили об уничтожении более     украинских националистов	True	196323	(?=.*).*	(уничтож)	(наци|националист)
25 April 2022	m24.ru	https://www.m24.ru/news/politika/30042022/457187	российская авиация уничтожила более     националистов и    единиц бронетехники всу   мо рф	True	195770	(?=.*).*	(уничтож)	(наци|националист)
25 April 2022	military.pravda.ru	https://military.pravda.ru/news/1702203-v_mariupole_unichtozhen/	в мариуполе уничтожен нацист  бродяга	True	116406	(?=.*).*	(уничтож)	(наци|националист)
2 May 2022	military.pravda.ru	https://military.pravda.ru/news/1705079-svodka_mo/	войска днр и рф продвигаются вперёд  уничтожены нацисты  захвачены  грады	True	66714	(?=.*).*	(уничтож)	(наци|националист)
9 May 2022	military.pravda.ru	https://military.pravda.ru/news/1708689-vks_rf_unichtozhili_sklad/	вкс рф уничтожили склад в харьковской области и более     нацистов	True	86020	(?=.*).*	(уничтож)	(наци|националист)
23 May 2022	military.pravda.ru	https://military.pravda.ru/news/1712422-v_mariupole_unichtozhili_nacista/	в мариуполе уничтожили нациста из  азова     чемпиона по кикбоксингу	True	115727	(?=.*).*	(уничтож)	(наци|националист)
30 May 2022	military.pravda.ru	https://military.pravda.ru/news/1714472-za_sutki_aviacija_rossii/	за сутки вкс рф уничтожила около     украинских националистов	True	106725	(?=.*).*	(уничтож)	(наци|националист)
30 May 2022	military.pravda.ru	https://military.pravda.ru/news/1714472-za_sutki_aviacija_rossii/	за сутки вкс рф уничтожили около     украинских националистов	True	106729	(?=.*).*	(уничтож)	(наци|националист)
30 May 2022	military.pravda.ru	https://military.pravda.ru/news/1715488-rossiiskaja_aviacija_unichtozhila/	российская авиация уничтожила более     украинских националистов за сутки	True	117495	(?=.*).*	(уничтож)	(наци|националист)
6 June 2022	military.pravda.ru	https://military.pravda.ru/news/1717565-aviacija_za_sutki_unichtozhila/	авиация россии за сутки уничтожила     украинских националистов	True	123544	(?=.*).*	(уничтож)	(наци|националист)
13 June 2022	military.pravda.ru	https://military.pravda.ru/news/1719515-vs_rossii_unichtozhili_bolee_350/	вс россии уничтожили более     украинских националистов за сутки	True	116845	(?=.*).*	(уничтож)	(наци|националист)
4 July 2022	military.pravda.ru	https://military.pravda.ru/news/1725957-likvidirovana_kazarma_vsu/	в городе часов яр  ураганом  уничтожили казарму с националистами всу	True	120355	(?=.*).*	(уничтож)	(наци|националист)
4 April 2022	pda.kp.ru	https://pda.kp.ru/online/news/4693429/	минобороны россии опубликовало кадры уничтожения беспилотника  байрактар  украинских националистов	True	325712	(?=.*).*	(уничтож)	(наци|националист)
4 April 2022	pda.kp.ru	https://pda.kp.ru/online/news/4694953/	росгвардия уничтожила систему залпового огня  град   из которой националисты стреляли по жилым домам	True	324568	(?=.*).*	(уничтож)	(наци|националист)
13 June 2022	pda.kp.ru	https://pda.kp.ru/daily/27404/4601781/	герои спецоперации  z   рядовой кыргыс уничтожил в бою три бмп  два танка и пятнадцать националистов	True	323375	(?=.*).*	(уничтож)	(наци|националист)
20 June 2022	pda.kp.ru	https://pda.kp.ru/daily/27408/4605524/	герои спецоперации  z   старший сержант руденко уничтожил в неравном бою    националистов	True	325568	(?=.*).*	(уничтож)	(наци|националист)
28 March 2022	pnp.ru	https://www.pnp.ru/politics/pushilin-zayavil-chto-denacifikaciya-zaymet-ne-odin-god.html	пушилин заявил  что денацификация не ограничивается уничтожением преступников	True	8559	(?=.*).*	(уничтож)	(наци|националист)
14 March 2022	regnum.ru	https://regnum.ru/news/polit/3533095.html	сеть   война с мировым нацизмом    россия уничтожила наёмников на украине	True	365521	(?=.*).*	(уничтож)	(наци|националист)
21 March 2022	regnum.ru	https://regnum.ru/news/polit/3542126.html	войска днр за сутки уничтожили    украинских нацистов в донбассе	True	375607	(?=.*).*	(уничтож)	(наци|националист)
9 May 2022	ria.ru	https://ria.ru/20220514/natsionalisty-1788496195.html	вс россии уничтожили до ста украинских националистов за ночь	True	217644	(?=.*).*	(уничтож)	(наци|националист)
9 May 2022	ria.ru	https://ria.ru/20220514/unichtozhenie-1788583403.html	бойцы с начала суток уничтожили    украинских националистов  сообщили в днр	True	206324	(?=.*).*	(уничтож)	(наци|националист)
9 May 2022	ria.ru	https://ria.ru/20220515/natsionalisty-1788690031.html	народная милиция днр сообщила об уничтожении    украинских националистов	True	225326	(?=.*).*	(уничтож)	(наци|националист)
16 May 2022	ria.ru	https://ria.ru/20220516/dnr-1788746933.html	силы днр уничтожили за сутки    украинских националистов	True	229259	(?=.*).*	(уничтож)	(наци|националист)
16 May 2022	ria.ru	https://ria.ru/20220518/aviatsiya-1789182968.html	российская авиация за сутки уничтожила на украине более     националистов	True	236159	(?=.*).*	(уничтож)	(наци|националист)
16 May 2022	ria.ru	https://ria.ru/20220518/dnr-1789332418.html	силы днр за сутки уничтожили    украинских националистов	True	232779	(?=.*).*	(уничтож)	(наци|националист)
16 May 2022	ria.ru	https://ria.ru/20220519/dnr-1789582012.html	силы днр за сутки уничтожили более    украинских националистов	True	220305	(?=.*).*	(уничтож)	(наци|националист)
16 May 2022	ria.ru	https://ria.ru/20220520/dnr-1789823845.html	силы днр за сутки уничтожили более    украинских националистов	True	230241	(?=.*).*	(уничтож)	(наци|националист)
16 May 2022	ria.ru	https://ria.ru/20220520/ukraina-1789703336.html	российская авиация за сутки уничтожила более     украинских националистов	True	233201	(?=.*).*	(уничтож)	(наци|националист)
16 May 2022	ria.ru	https://ria.ru/20220521/dnr-1789937246.html	силы днр уничтожили    украинских националистов за сутки	True	225362	(?=.*).*	(уничтож)	(наци|националист)
16 May 2022	ria.ru	https://ria.ru/20220521/donbass-1789885637.html	военные днр за сутки уничтожили    украинских националиста	True	224654	(?=.*).*	(уничтож)	(наци|националист)
16 May 2022	ria.ru	https://ria.ru/20220522/natsionalisty-1789995684.html	российская авиация уничтожила более     украинских националистов за сутки	True	229157	(?=.*).*	(уничтож)	(наци|националист)
16 May 2022	ria.ru	https://ria.ru/20220522/spetsoperatsiya-1790038027.html	в днр за сутки уничтожили    украинских националиста	True	227458	(?=.*).*	(уничтож)	(наци|националист)
16 May 2022	ria.ru	https://ria.ru/20220522/spetsoperatsiya-1790042411.html	день    й  сбиты    украинских бпла  уничтожены более     националистов	True	227443	(?=.*).*	(уничтож)	(наци|националист)
23 May 2022	ria.ru	https://ria.ru/20220523/dnr-1790099745.html	силы днр за сутки уничтожили    украинских националистов	True	221820	(?=.*).*	(уничтож)	(наци|националист)
23 May 2022	ria.ru	https://ria.ru/20220523/ukraina-1790105061.html	российская авиация за сутки уничтожила более     украинских националистов	True	221830	(?=.*).*	(уничтож)	(наци|националист)
23 May 2022	ria.ru	https://ria.ru/20220525/dnr-1790554773.html	силы днр за сутки уничтожили    украинских националистов	True	237759	(?=.*).*	(уничтож)	(наци|националист)
23 May 2022	ria.ru	https://ria.ru/20220525/natsionalisty-1790714823.html	народная милиция днр заявила об уничтожении    украинских националистов	True	235919	(?=.*).*	(уничтож)	(наци|националист)
28 February 2022	pda.kp.ru	https://pda.kp.ru/daily/27370/4552521/	кадыров призвал к массовому уничтожению нацистов и террористов на украине	True	331752	(?=.*).*	(уничтож)	(наци|националист)
28 February 2022	pda.kp.ru	https://pda.kp.ru/online/news/4655090/	в минобороны россии сообщили об уничтожении военного объекта украинских националистов истребителем су	True	327695	(?=.*).*	(уничтож)	(наци|националист)
7 March 2022	pda.kp.ru	https://pda.kp.ru/online/news/4658831/	крым восстановил железнодорожную ветку с херсонской областью  уничтоженную националистами	True	328513	(?=.*).*	(уничтож)	(наци|националист)
14 March 2022	pda.kp.ru	https://pda.kp.ru/daily/27377/4559771/	видео уничтожения артиллерийской батареи украинских националистов показало минобороны	True	328657	(?=.*).*	(уничтож)	(наци|националист)
14 March 2022	pda.kp.ru	https://pda.kp.ru/daily/27378.5/4559919/	герои на передовой  сержант лично уничтожил    напавших из засады националистов	True	334431	(?=.*).*	(уничтож)	(наци|националист)
14 March 2022	pda.kp.ru	https://pda.kp.ru/daily/27378.5/4559919/	минобороны  сержант лично уничтожил    националистов	True	324807	(?=.*).*	(уничтож)	(наци|националист)
14 March 2022	pda.kp.ru	https://pda.kp.ru/online/news/4668930/	видео уничтожения замаскированных позиций националистов в киевской области опубликовало минобороны рф	True	327982	(?=.*).*	(уничтож)	(наци|националист)
