Date,text,event,Decription ,Source,santions,sanctions-general,sanctions-swift,sanctions-foreign,sanctions-nordstream,sanctions-gas,sanctions-food,cold_war_ii-nuclear,cold_war_ii-armament_pump,cold_war_ii-armament_suply,cold_war_ii-biolab,cold_war_ii-china,cold_war_ii-serb,cold_war_ii-belarus,cold_war_ii-colab-alies,nazi-general,nazi-denazification,nazi-mariupol,nazi-bucha,nazi-atrocity,nazi-rehabilitation,nazi-azov,nazi-azovstal,Protecting the Russian World,Ukrainian crisis,self-cleansing from public enemies,5 High-Precision,5 Provocation
2022.01.03,"Jan, 3.US, UK, Russia, France, and China adopted a joint statement to prevent a nuclear war.","The US, UK, Russia, France, and China have adopted a joint statement aimed at preventing a nuclear war",,https://www.euronews.com/2022/01/03/five-nuclear-weapons-states-pledge-to-stop-their-further-spread,,,,,,,,1,,,,,,,,,,,,,,,,,,,,
2022.01.13,"Jan,13. EU extends sanctions against Russia for failure to comply with peace settlement agreements with Ukraine",The European Union is extending sanctions on Russia for another six months for failing to meet its commitments to the Ukrainian peace deal.,"The measures target Russia’s financial, energy and defense sectors, as well as goods that can be used for both civilian and military purposes. The move is part of an ongoing review and is not linked to current tensions over Russia’s military buildup near Ukraine.",https://tekdeeps.com/the-european-union-is-extending-sanctions-on-russia/,1,1,,,,,,,,,,,,,,,,,,,,,,,,,,
2022.01.17,"Jan, 17. EU and US move away from excluding Russia from global financial system: Germany insists on exemptions so that payment for gas and oil imports from Russia remains possible.",,,https://thefrontierpost.com/eu-and-united-states-move-away-from-excluding-russia-from-global-financial-system/,1,,1,,,,,,,,,,,,,,,,,,,,,,,,,
2022.01.19,"Feb, 19. Russian Communist Party faction submitted to the State Duma a draft appeal to Vladimir Putin on the recognition of the DPR and LPR",The Communist Party faction submitted to the State Duma a draft appeal to Vladimir Putin on the recognition of the DPR and LPR,,https://interfax.com/newsroom/top-stories/73642/,,,,,,,,,,,,,,,,,,,,,,,,1,,,,
2022.01.20,"Jan, 20. Officials in Berlin has ruled out sending weapons to Ukraine",,,https://www.reuters.com/world/europe/germany-will-not-supply-weapons-kyiv-now-defence-minister-says-2022-01-22/,,,,,,,,,1,1,,,,,,,,,,,,,,,,,,
2022.01.20,"Jan, 20. U.S. assesses Russian retaliation potential should it be cut from SWIFT -senator",,,https://www.reuters.com/world/us/us-assesses-russian-retaliation-potential-should-it-be-cut-swift-senator-2022-01-20/,1,,1,,,,,,,,,,,,,,,,,,,,,,,,,
2022.01.23,"Jan, 23. Biden administration is threatening to use a novel export control to damage strategic Russian industries, from artificial intelligence and quantum computing to civilian aerospace, if Moscow invades Ukraine",,,https://www.washingtonpost.com/national-security/2022/01/23/russia-ukraine-sanctions-export-controls/,1,1,,1,,,,,,,,,,,,,,,,,,,,,,,,
2022.01.31,"Jan, 31. Xi Jinping and Vladimir Putin signed a joint statement calling on the West to “abandon the ideologised approaches of the cold war”","Putin visited China, negotiation with Xi",,https://www.theguardian.com/world/2022/feb/04/xi-jinping-meets-vladimir-putin-china-russia-tensions-grow-west,,,,,,,,,,,,1,,,1,,,,,,,,,,,,,
2022.02.15,"Feb, 15. The State Duma of Russia voted ""FOR"" an appeal to President Putin with a request to recognize the DPR and LPR","
The State Duma of Russia voted ""FOR"" an appeal to President Putin with a request to recognize the DNR and LNR","
The State Duma of Russia voted ""FOR"" an appeal to President Putin with a request to recognize the DNR and LNR",https://pia.ge/en/news/world/the-state-duma-of-russia-turned-to-putin-with-a-request-to-recognize-the-dnr-and-lnr,,,,,,,,,,,,,,,,,,,,,,,,1,1,,,
2022.02.15,"Feb, 15. Vladimir Putin called the events taking place in the Donbas a genocide after conversation with German Chancellor Olaf Scholz ",Putin called the events taking place in the Donbas a genocide,,https://www.telesurenglish.net/news/Putin-Labels-the-Current-Events-in-Donbass-a-Genocide-20220215-0015.html,,,,,,,,,,,,,,,,,,,,,,,,1,,,,
2022.02.18,"Feb, 18. In eastern Ukraine, it was announces evacuation of residents to Russia",Evacuation from Donetsk to Russia,,"https://www.theguardian.com/world/2022/feb/18/pro-russian-separatist-order-mass-evacuation-eastern-ukraine-fear-moscow-seeking-create-pretext-invasion

https://www.npr.org/2022/02/18/1081790784/ukraine-evacuation-russia-donetsk",,,,,,,,,,,,,,,,,,,,,,,,1,,,,
2022.02.19,"Feb,19. Zelenkiy mentioned that Ukraine could reconsider its non-nuclear status at the Munich Security Conference.",Zelensky speech at the Munich Security Conference,Zelenky mentioned that Ukraine could reconsider the non-nuclear status,https://kyivindependent.com/national/zelenskys-full-speech-at-munich-security-conference,,,,,,,,1,,,,,,,,,,,,,,,,,,,,
2022.02.19,,Start of general mobilisation in the DNR,"The general mobilization in Donbass started. ""LPR"" introduced a wartime regime",,,,,,,,,,,,,,,,,,,,,,,,,,,,,
2022.02.21,"Mar, 21. Russian President Vladimir Putin has recognized the independence of two breakaway regions in eastern Ukraine - LNR and DNR",Russia recognized the independence of the DNR and LNR,"Russian President Vladimir Putin orders troops into the regions of Luhansk and Donetsk, and recognises them as independent states.","https://www.aljazeera.com/features/2022/6/3/timeline-the-first-100-days-of-russias-war-in-ukraine#:~:text=April%2010%3A%20Russian%20forces%20bisect,the%20Luhansk%20and%20Donetsk%20oblasts.",,,,,,,,,,,,,,,,,,,,,,,,,1,,,
2022.02.21,"Feb, 21. Sanctions Wave #1 for recognition of separatist enclaves: NordStream 2, defence industry, MPs, propagandists","First round of sanctions is introduced in connection with the recognition of the DNR and LNR: Sanctions against the defense industry, Nord Stream 2, personal sanctions against MPs, propagandists and others.",,https://ru.wikipedia.org/wiki/%D0%A1%D0%B0%D0%BD%D0%BA%D1%86%D0%B8%D0%B8_%D0%B2_%D1%81%D0%B2%D1%8F%D0%B7%D0%B8_%D1%81_%D0%B2%D1%82%D0%BE%D1%80%D0%B6%D0%B5%D0%BD%D0%B8%D0%B5%D0%BC_%D0%A0%D0%BE%D1%81%D1%81%D0%B8%D0%B8_%D0%BD%D0%B0_%D0%A3%D0%BA%D1%80%D0%B0%D0%B8%D0%BD%D1%83_(2022)#%D0%92%D1%82%D0%BE%D1%80%D0%BE%D0%B9_%D0%BF%D0%B0%D0%BA%D0%B5%D1%82_%D1%81%D0%B0%D0%BD%D0%BA%D1%86%D0%B8%D0%B9_(%D0%B7%D0%B0_%D0%B2%D1%82%D0%BE%D1%80%D0%B6%D0%B5%D0%BD%D0%B8%D0%B5_%D0%BD%D0%B0_%D0%A3%D0%BA%D1%80%D0%B0%D0%B8%D0%BD%D1%83),1,1,,,,,,,,,,,,,,,,,,,,,,,,,,
2022.02.22,"Feb, 22. The federal government of Germany has put the approval process for the Nord Stream 2 gas pipeline on hold until further notice.",,,https://www.tagesschau.de/wirtschaft/weltwirtschaft/nord-stream-2-russland-deutschland-gas-101.html,1,,,,1,,,,,,,,,,,,,,,,,,,,,,,
2022.02.24,"Feb, 24.  President Putin announced the start of a ""special military operation in the Donbass. 
Russia's full-scale invasion of Ukraine have started.",Russia's full-scale invasion of Ukraine,"05:00 On the night of February 24, Russian President Vladimir Putin announced the start of a ""special military operation in the Donbass. 

Battle of Chernobyl,  
nuclear power plant capture
Airstrikes against Odesa
Железнодорожные пути и мост через Припять были взорваны
Бои за Сумы
Бои на Змеинном острове","https://en.wikipedia.org/wiki/Capture_of_Chernobyl#Attack_and_capture
https://www.aljazeera.com/news/2022/2/24/putin-orders-military-operations-in-eastern-ukraine-as-un-meets",,,,,,,,,,,,,,,,1,1,,,,,,,1,,,,1
2022.02.24,"Feb, 24. Sanctions Wave #2 for the invasion of Ukraine: personal, banking, investments",,,https://ru.wikipedia.org/wiki/%D0%A1%D0%B0%D0%BD%D0%BA%D1%86%D0%B8%D0%B8_%D0%B2_%D1%81%D0%B2%D1%8F%D0%B7%D0%B8_%D1%81_%D0%B2%D1%82%D0%BE%D1%80%D0%B6%D0%B5%D0%BD%D0%B8%D0%B5%D0%BC_%D0%A0%D0%BE%D1%81%D1%81%D0%B8%D0%B8_%D0%BD%D0%B0_%D0%A3%D0%BA%D1%80%D0%B0%D0%B8%D0%BD%D1%83_(2022)#%D0%92%D1%82%D0%BE%D1%80%D0%BE%D0%B9_%D0%BF%D0%B0%D0%BA%D0%B5%D1%82_%D1%81%D0%B0%D0%BD%D0%BA%D1%86%D0%B8%D0%B9_(%D0%B7%D0%B0_%D0%B2%D1%82%D0%BE%D1%80%D0%B6%D0%B5%D0%BD%D0%B8%D0%B5_%D0%BD%D0%B0_%D0%A3%D0%BA%D1%80%D0%B0%D0%B8%D0%BD%D1%83)),1,1,,,,,,,,,,,,,,,,,,,,,,,,,,
2022.02.24,,Antiwar Protests in Russia began,,,,,,,,,,,,,,,,,,,,,,,,,,,,,,
2022.02.25,,"Fighting in Ukraine","Russian detachments enter the northern region of Kyiv Obolon. Sirens in Kyiv
Chernihiv was surrounded by Russian military
The first clashes between Ukrainian troops and Russian special forces took place in Bucha
In Mykolaiv, Russian troops capture enterprised. Residents confirm that shooting has begun in the city.
Fightings for Melitopol have started
Bombing of Sumy
Night fighting near Kyiv
 Russia vetoes a United Nations Security Council resolution demanding that it unconditionally pull its troops out of Ukraine.",,,,,,,,,,,,,,,,,,,,,,,,,,,,,
2022.02.26,"Feb, 26. Sanctions Wave #3: personal, banking, stock exchange, industrial, mass media, partial airspace and ports closure","Third round of sanctions is introduced: banking, stock exchange and industrial restrictions, banning of Russian media, partial closure of skies, ports, personal sanctions. ",,https://ru.wikipedia.org/wiki/%D0%A1%D0%B0%D0%BD%D0%BA%D1%86%D0%B8%D0%B8_%D0%B2_%D1%81%D0%B2%D1%8F%D0%B7%D0%B8_%D1%81_%D0%B2%D1%82%D0%BE%D1%80%D0%B6%D0%B5%D0%BD%D0%B8%D0%B5%D0%BC_%D0%A0%D0%BE%D1%81%D1%81%D0%B8%D0%B8_%D0%BD%D0%B0_%D0%A3%D0%BA%D1%80%D0%B0%D0%B8%D0%BD%D1%83_(2022)#%D0%92%D1%82%D0%BE%D1%80%D0%BE%D0%B9_%D0%BF%D0%B0%D0%BA%D0%B5%D1%82_%D1%81%D0%B0%D0%BD%D0%BA%D1%86%D0%B8%D0%B9_(%D0%B7%D0%B0_%D0%B2%D1%82%D0%BE%D1%80%D0%B6%D0%B5%D0%BD%D0%B8%D0%B5_%D0%BD%D0%B0_%D0%A3%D0%BA%D1%80%D0%B0%D0%B8%D0%BD%D1%83),1,1,,,,,,,,,,,,,,,,,,,,,,,,,,
2022.02.26,"Feb, 26. US, EU, UK, Canada announced disconnection of several banks from SWIFT","U.S., E.U., U.K. and Canada have announced the disconnection of a number of banks from Swift",,https://www.spglobal.com/marketintelligence/en/news-insights/latest-news-headlines/sanctions-against-russia-8211-a-timeline-69602559,1,,1,,,,,,,,,,,,,,,,,,,,,,,,,
2022.02.26,,Russian troops captured the Port of Berdiansk,"Russian troops captured the Port of Berdiansk and the Berdiansk Airport. By the following day, the Russian military had taken full control of the city. The city still on russian occupation","https://www.aljazeera.com/features/2022/6/3/timeline-the-first-100-days-of-russias-war-in-ukraine#:~:text=April%2010%3A%20Russian%20forces%20bisect,the%20Luhansk%20and%20Donetsk%20oblasts.",,,,,,,,,,,,,,,,,,,,,,,,,,,,
2022.02.26,"Feb,26. Germany's Chancellor, Olaf Scholz, has announced that Germany will deliver weapons directly to Ukraine.",,,https://www.bbc.com/news/world-europe-60541752,,,,,,,,,1,,,,,,,,,,,,,,,,,,,
2022.02.27,"Feb, 27. The EU is set to enforce a ban on Russia’s access to the SWIFT international payments system after the last holdout among the EU27, Germany, dropped its opposition in principle",,"Russian troops press towards three cities, Kyiv, Kharkiv and Kherson. European Commission President Ursula von der Leyen says Russian civilian aircraft are banned from EU airspace, and Russian state-owned media Russia Today, Sputnik and their subsidiaries are banned from EU airwaves and the internet.",https://www.euractiv.com/section/europe-s-east/news/russia-ban-from-swift-on-the-table-as-germany-drops-opposition/,1,,1,,,,,,,,,,,,,,,,,,,,,,,,,
2022.02.27,,attacks on the civilian airport of Zhytomyr,"The airport is situated around 150 kilometres (93 mi) from the capital city of Ukraine, Kyiv, near the town of Zhytomyr, Zhytomyr Oblast.",https://twitter.com/KyivIndependent/status/1498178611916034054,,,,,,,,,,,,,,,,,,,,,,,,,,,,
2022.02.27,,,,,,,,,,,,,,,,,,,,,,,,,,,,,,,,
2022.02.28,,Kharkiv cluster bombing,"Around 10:00 AM, the Russian Army fired Grad rockets into three different residential areas in Kharkiv. A series of rocket strikes  killed 9 civilians and wounded 37 more during the battle of Kharkiv, part of the 2022 Russian invasion of Ukraine. The Russian Army used cluster munition in the attack.",https://en.wikipedia.org/wiki/February_2022_Kharkiv_cluster_bombing,,,,,,,,,,,,,,,,,,,,,,,,,,,1,
2022.02.28,"Feb,28. Negotiations between Ukraine and Russia started in Belarus
",,,,,,,,,,,,,,,,,1,1,,,,,,,,,,,,,
2022.03.01,"Mar, 1. Siege of Mariupol have started. It was announced that DPR forces has almost completely surrounded the nearby cities and Mariupol.",Start of the Mariupol siege,"Russian forces surround Mariupol. The siege was conitinued until May 22, including Azovstal siege. The siege of Mariupol was accompanied by thousands of civilians, the lack of water, gas, food, and humanitarian corridors.","https://www.bbc.com/news/world-europe-61179093
https://en.wikipedia.org/wiki/Siege_of_Mariupol#Civilian_casualties",,,,,,,,,,,,,,,,1,,1,,,,,1,,,,,
2022.03.01,,Russian forces attack a TV tower in Kyiv,,https://www.hindustantimes.com/world-news/russia-attacks-tv-tower-in-kyiv-may-disrupt-signal-says-ukraine-ministry-101646149730099.html,,,,,,,,,,,,,,,,,,,,,,,,,,,?,
2022.03.02,"Mar, 2. Russian military took control of city of Kherson, administrative centre of Kherson Oblast",Kherson under control of russian forces,"Mayor of Kherson Kolykhaiev announced that he had surrendered the city and that the Russian commander intended to set up a military administration. Kolykhaiev acknowledged the Ukrainian military was no longer present in Kherson. After the fall of the city, Kherson and the Kherson Oblast came under a Russian military occupation.","https://www.aljazeera.com/news/2022/3/2/russian-military-says-has-control-of-kherson-in-southern-ukraine
https://en.wikipedia.org/wiki/Battle_of_Kherson",,,,,,,,,,,,,,,,,,,,,,,,,1,,,
2022.03.02,"Mar, 3. EU disconnects 7 Russian banks from SWIFT",EU names 7 banks to be disconnected from Swift,,https://www.spglobal.com/marketintelligence/en/news-insights/latest-news-headlines/sanctions-against-russia-8211-a-timeline-69602559,1,,1,,,,,,,,,,,,,,,,,,,,,,,,,
2022.03.03,,Bombing of Chernihiv,"About 12:15 p.m. local time, Russian forces destroyed two schools and several apartment blocks in Chernihiv, killing 47 civilians and wounding 18",https://www.pravda.com.ua/eng/news/2022/03/4/7328111/,,,,,,,,,,,,,,,,,,,,,,,,,,,1,1
2022.03.04,,"The law about ""fakes"" was accepted",Vladimir Putin signed a law criminalizing dissemination of information about the actions of the Russian army that does not correspond to the position of the authorities,"https://www.thehindu.com/news/international/explained-russias-new-law-criminalising-fake-news-about-the-military-and-its-consequences/article65195488.ece
 https://reliefweb.int/report/russian-federation/russia-criminalizes-independent-war-reporting-anti-war-protests",,,,,,,,,,,,,,,,,,,,,,,,,,1,,
2022.03.04,,Fire at the seized Zaporizhzhia NPP,"At the beginning of March 2022, Russian troops seized Ukraine's Zaporizhzhia NPP. On March 4, mutual shelling caused a fire at the plant.
Most of the Russian fire was directed towards the training center and main administrative building, but Russian forces also fired heavy weapons in the direction of the reactor buildings multiple times. During approximately two hours of heavy fighting a fire broke out in a training facility outside of the main complex, which was extinguished by 6:20 am","https://en.wikipedia.org/wiki/Russian_occupation_of_Zaporizhzhia_Oblast
https://www.bbc.com/news/world-europe-62432873",,,,,,,,,,,,,,,,,,,,,,,,,,,,
2022.03.05,"Mar, 5. Russian forces shell evacuation corridor from Mariupol.", Russian forces shell evacuation corridor from Mariupol.,"A five-hour ceasefire was declared, but evacuations were quickly halted after shelling continued during the declared time. On 7 March, the ICRC announced that it had found that one of the routes listed for evacuations during a ceasefire had been mined.",https://www.pravda.com.ua/eng/news/2022/03/5/7328483/,,,,,,,,,,,,,,,,1,,1,,,,,1,,,,1,
2022.03.05,,Bucha under control of russian forces,"Since 5 to 31 March, Bucha, city in tKyiv region, was under contol of Russian forcses. After they left the city, the was a found a lot of corpses of civilians on the streets and mass graves.","https://globalnews.ca/news/8733345/bucha-bodies-ukraine-what-happened-explained/
https://en.wikipedia.org/wiki/Bucha_massacre",,,,,,,,,,,,,,,,,,,,,,,,,,,1,
2022.03.06,,Irpin refugee column shelling,"from 9:30 a.m. until 2 p.m. local time, the Russian Armed Forces repeatedly shelled an intersection in Irpin that hundreds of civilians were using to escape to Kyiv, whilst a Ukrainian artillery position was located nearby. They killed eight Ukrainian civilians.","https://en.wikipedia.org/wiki/Irpin_refugee_column_shelling#:~:text=On%206%20March%202022%2C%20from,They%20killed%20eight%20Ukrainian%20civilians.",,,,,,,,,,,,,,,,,,,,,,,,,,,1,
2022.03.08,,Ukraine accuses Russia of shelling Mariupol evacuation corridor,,https://www.aljazeera.com/news/2022/3/8/ukraine-accuses-russia-shelling-mariupol-evacuation-corridor,,,,,,,,,,,,,,,,,,,,,,,,,,,1,
2022.03.08,,Izium hospital bombing,"Russian forces bombed a hospital in Izium, which was totally destroyed",https://news.sky.com/video/ukraine-war-izyum-hospital-destroyed-by-shelling-12560771,,,,,,,,,,,,,,,,,,,,,,,,,,,1,
2022.03.09,"Mar, 9.The Russian Air Force bombed Maternity Hospital No 3, a hospital complex functioning both as a children's hospital and maternity ward in Mariupol.",Mariupol hospital airstrike,"On 9 March 2022, the Russian Air Force bombed Maternity Hospital No 3, a hospital complex functioning both as a children's hospital and maternity ward in Mariupol, Ukraine. Foreign Minister of the Russian Federation Sergey Lavrov, without denying the shelling of the hospital by Russian troops, said that the hospital building served as a stronghold for the Ukrainian regiment ""Azov""","https://edition.cnn.com/interactive/2022/03/europe/mariupol-maternity-hospital-attack/index.html
https://en.wikipedia.org/wiki/Mariupol_hospital_airstrike
https://factcheck.thedispatch.com/p/fact-check-the-mariupol-maternity",,,,,,,,,,,,,,,,1,,1,,,,,,,,,1,
2022.03.09,"Mar, 9. Personal sanctions against russian fertilizer billionnaire Andrey Melnichenko",Personal sanctions against russian fertilizer billionnaire Andrey Melnichenko,"Among those hit with sanctions, which include asset freezes and a travel ban, is Andrey Melnichenko, who has built a fortune in fertilizer and coal worth $16.2 billion, by Forbes’ estimate.",https://www.forbes.com/sites/carlieporterfield/2022/03/09/eu-targets-four-more-russian-billionaires-in-latest-wave-of-sanctions/?sh=2c57100d5142,1,,,,,,1,,,,,,,,,,,,,,,,,,,,,
2022.03.09,"Mar, 9. Statement on the possible nationalization of foreign companies' assets",Statement on the possibility of nationalizing the assets of foreign companies,"Russian officials have said that they will move to nationalize the assets of Western companies that pull out of their country over its invasion of Ukraine, a decision that will cause significant economic harm to hundreds of businesses while, at least temporarily, preserving the jobs of the tens of thousands of Russians employed by them.","https://www.voanews.com/a/putin-threatens-to-privatize-western-companies-that-exit-russia-/6485253.html 

",1,,,1,,,,,,,,,,,,,,,,,,,,,,,,
2022.03.09,,Rape ,Russian soldier had killed an unarmed civilian and then repeatedly raped his wife.The incident is supposed to have taken place on 9 March in Shevchenkove,https://thehill.com/policy/international/russia/600247-ukraine-opens-first-investigation-into-claims-of-rape-by-russian/,,,,,,,,,,,,,,,,,,,,,,,,,,,,
2022.03.09,,Обесточение Чернобольской АЭС,"уточнить. На хранилище отработанного ядерного топлива – 1 хранится около 20 тысяч отработанных топливных сборок. Они нуждаются в постоянном охлаждении, которое возможно только при наличии электроснабжения. Если же его не будет и насосы не будут производить охлаждение, возрастет температура в бассейнах выдержки, возникнет парение и выход радиоактивных веществ в окружающую среду. ","https://www.epravda.com.ua/rus/news/2022/03/9/683608/#:~:text=%D0%92%20%D1%80%D0%B5%D0%B7%D1%83%D0%BB%D1%8C%D1%82%D0%B0%D1%82%D0%B5%20%D0%B4%D0%B5%D0%B9%D1%81%D1%82%D0%B2%D0%B8%D0%B9%20%D1%80%D0%BE%D1%81%D1%81%D0%B8%D0%B9%D1%81%D0%BA%D0%B8%D1%85%20%D0%BE%D0%BA%D0%BA%D1%83%D0%BF%D0%B0%D0%BD%D1%82%D0%BE%D0%B2,%D1%80%D0%B5%D0%BC%D0%BE%D0%BD%D1%82%D0%BD%D1%8B%D0%B5%20%D1%80%D0%B0%D0%B1%D0%BE%D1%82%D1%8B%20%D0%B8%20%D0%B2%D0%BE%D1%81%D1%81%D1%82%D0%B0%D0%BD%D0%BE%D0%B2%D0%BB%D0%B5%D0%BD%D0%B8%D0%B5%20%D1%8D%D0%BD%D0%B5%D1%80%D0%B3%D0%BE%D0%BF%D0%B8%D1%82%D0%B0%D0%BD%D0%B8%D1%8F.
https://forbes.ua/ru/news/chornobilska-aes-znestrumlena-cherez-voenni-dii-09032022-4401",,,,,,,,,,,,,,,,,,,,,,,,,,,,
2022.03.10,"March,10. The Ministry of Defense of the Russian Federation published documents on the implementation of US military biological programs in Ukraine ",Russian forces found biolaboratories in Ukraine,,https://tvzvezda.ru/news/20223101725-JxwhT.html,,,,,,,,,,,1,,,,,,,,,,,,,,,,,
2022.03.10,,First step Ukraine-Russia negotiations,"The top diplomats of Russia and Ukraine met in Antalya, Turkey for face-to-face talks, the first high-level contact since Russia’s invasion on February 24. No progress was made.",https://www.aljazeera.com/news/2022/3/10/russia-invasion-of-ukraine-list-of-key-events-from-day-15,,,,,,,,,,,,,,,,,,,,,,,,,,,,
2022.03.10,,,"A day after coal and fertilizer billionaire Andrey Melnichenko was placed on the European Union's sanctions list on March 9, his superyacht Motor Yacht A stopped broadcasting its location while in Maldives' waters, maritime data shows.

",,,,,,,,,,,,,,,,,,,,,,,,,,,,,
2022.03.11,,"United States, European Union, and G7 to Announce Further Economic Costs on Russia",,https://www.whitehouse.gov/briefing-room/statements-releases/2022/03/11/fact-sheet-united-states-european-union-and-g7-to-announce-further-economic-costs-on-russia/,,,,,,,,,,,,,,,,,,,,,,,,,,,,
2022.03.11,,"In Chernihiv, Russian military bombs destroyed the stadium named after. Yuri Gagarin","Since the invasion have started, there was fighting between Russian and Ukrainian armed forces for control of the city of Chernihiv. It ended on April 6, 2022 with the withdrawal of Russian troops from the Chernihiv region.  
in addition to this event, Chernihiv was heavily damaged and civilians also died during the invasion. ",https://www.newyorker.com/news/dispatch/the-siege-of-chernihiv,,,,,,,,,,,,,,,,,,,,,,,,,,,1,
2022.03.13,,Mykolaiv cluster bombing,Nine civilians waiting in line on the street at a cash machine were killed in the attack. The explosions also damaged houses and civilian buildings. Human Rights Watch analysed the incident and found that the Russian forces used Smerch and Uragan cluster munition on densely populated areas,https://en.wikipedia.org/wiki/Mykolaiv_cluster_bombing,,,,,,,,,,,,,,,,,,,,,,,,,,,1,
2022.03.14,,A fourth round of talks between Ukraine and Russia concluded without a breakthrough,,https://www.npr.org/2022/03/14/1086498789/russian-and-ukrainian-negotiators-finish-4th-round-of-talks-without-a-breakthrou,,,,,,,,,,,,,,,,,,,,,,,,,,,,
2022.03.14,,Russian occupying forces block people's protests in Melitopol,"Fighting in Melitopol continued from the beginning of the invasion on 24 February. In early March, the city was captured by the Russian military, and the Russian flag was raised over the administration. All this time, residents of the city went out to peaceful protests against the Russian authorities. On March 11, the mayor of the city was kidnapped by the Russian military. Now the city is under the control of the Russian military","https://www.pravda.com.ua/eng/news/2022/03/14/7331297/
https://www.npr.org/2022/03/31/1090067116/ukraine-mayor-says-russian-soldiers-who-kidnapped-him-knew-nothing-about-his-cou",,,,,,,,,,,,,,,,,,,,,,,,,,,,
2022.03.15,"Mar, 15. Sanctions Wave #4: personal, investment, export, import, transport, trade privileges","Fourth round of sanctions introduced. Removal of trade privileges, investment, export, import, transport, personal sanctions. ",,,1,1,,,,,,,,,,,,,,,,,,,,,,,,,,
2022.03.15,"Mar, 15. Russia Enacts Partial Ban on Grain Exports",Russia Enacts Partial Ban on Grain Exports,"Russia announced additional restrictions on grain exports, enacting a partial ban effective March 15 through June 30. The move will further squeeze global wheat supplies at a time when Russia’s war with Ukraine is disrupting exports from the region. ",https://gro-intelligence.com/insights/russia-enacts-partial-ban-on-grain-exports-in-another-hit-to-global-wheat-supplies,1,,,,,,1,,,,,,,,,,,,,,,,,,,,,
2022.03.15,,Shell hit a 16-storey apartment block in Kyiv,"At least five people were killed after a shell hit a 16-storey apartment block in the Sviatoshynskyi district of Kyiv, according to Ukrainian President Volodymyr Zelenskyy. Images shared on social media by the city’s mayor, Vitali Klitschko, showed the building engulfed in flames.",https://www.ukrinform.net/rubric-ato/3430015-2-killed-as-16storey-apartment-block-hit-in-kyiv.html,,,,,,,,,,,,,,,,,,,,,,,,,,,1,
2022.03.16,"Mar, 16.The Russian Armed Forces bombed the Drama Theatre in Mariupol, Ukraine. It was used as an air raid shelter during the siege of Mariupol.",Mariupol theater airstrike," the Russian Armed Force bombed the Donetsk Regional Drama Theatre in Mariupol, Ukraine. It was used as an air raid shelter during the siege of Mariupol, sheltering a large number of civilians.","https://en.wikipedia.org/wiki/Mariupol_theatre_airstrike
https://apnews.com/article/Russia-ukraine-war-mariupol-theater-c321a196fbd568899841b506afcac7a1",,,,,,,,,,,,,,,,1,,1,,,,1,,,,,1,
2022.03.16,,Russian attack killed 14 civilians in Chernihiv.,Russian attack killed 14 civilians in Chernihiv. Most of them were standing in line at a food store waiting for bread when a Russian air strike with eight unguided aerial bombs hit them,https://www.ohchr.org/en/news/2022/03/ukraine-civilian-casualty-update-16-march-2022,,,,,,,,,,,,,,,,,,,,,,,,,,,1,
2022.03.18,,Russian missiles hit a plant on Lviv's outskirts in western Ukraine,"The strike targeted a repair facility for fighter jets. Ukrainian officials said missiles were launched from the Black Sea. On Lviv's historic square, 109 empty strollers were lined up in a visual installation, representing children killed in the war.","https://www.nytimes.com/2022/05/03/world/europe/lviv-ukraine-russia-missiles.html#:~:text=LVIV%2C%20Ukraine%20%E2%80%94%20Russian%20missiles%20struck,the%20east%20have%20sought%20refuge.",,,,,,,,,,,,,,,,,,,,,,,,,,,,
2022.03.18,,Russian President Vladimir Putin made a rare public appearance at a stadium in Moscow,"Russian President Vladimir Putin made a rare public appearance at a stadium in Moscow, packed with thousands of flag-waving people and banners reading ""For Russia"" and ""For a World without Nazism."" He praised Russian fighters in what he calls the ""special military operation"" in Ukraine, saying the effort had united the country.",https://www.theguardian.com/world/2022/mar/18/putin-praises-russian-unity-at-rally-but-state-tv-broadcast-is-cut-off,,,,,,,,,,,,,,,,,,,,,,,,,,,,
2022.03.20,"Mar, 20. Russia bombs a Mariupol art school sheltering 400 civilians",Russian forces hit a shelter in Mariupol,"Russia bombed an art school sheltering about 400 people. Russian military forces struck the school in the besieged city of Mariupol, Ukrainian officials said. Ongoing shelling in the southeastern port city has prevented civilians from safely evacuating. According to the UN, more than 900 civilians have died since the invasion started.",https://www.npr.org/live-updates/russia-invades-ukraine-2022-03-20#russia-bombs-a-mariupol-art-school-sheltering-400-civilians-officials-say,,,,,,,,,,,,,,,,1,,,,,,,,,,,1,
2022.03.21,"Mar, 21. A Russian court banned Facebook and Instagram for ""extremist"" activities. The ruling for parent company Meta excluded its messaging platform WhatsApp.","A Russian court banned Facebook and Instagram for ""extremist"" activities.","A Russian court banned Facebook and Instagram for ""extremist"" activities. The ruling for parent company Meta excluded its messaging platform WhatsApp, and the full scale of the impact remains unclear.",https://www.theguardian.com/world/2022/mar/21/russia-bans-facebook-and-instagram-under-extremism-law,,,,,,,,,,,,,,,,,,,,,,,,,,1,,
2022.03.21,"Mar, 21. Russian troops used stun grenades and gunfire to disperse a rally of pro-Ukrainian protesters in the occupied southern city of Kherson
",Ukraine says Russian forces violently disperse Kherson protest,Ukraine's armed forces said Russian troops used stun grenades and gunfire to disperse a rally of pro-Ukrainian protesters in the occupied southern city of Kherson,"https://www.reuters.com/world/europe/ukraine-says-russian-troops-violently-dispersed-kherson-anti-occupation-rally-2022-03-21/
https://www.aljazeera.com/news/2022/3/21/ukraine-says-russia-shoot-at-protesters-in-occupied-kherson",,,,,,,,,,,,,,,,,,,,,,,,,1,,,
2022.03.21,"Mar, 21. Vladimir Putin signs the law recognizing the participants of the special operation as veterans",Putin signs the law recognizing the participants of the special operation as veterans,,https://news.cgtn.com/news/2022-03-26/Putin-signs-law-on-status-of-veterans-18Iqdpwwbfi/index.html,,,,,,,,,,,,,,,,1,,,,,,,,1,,,,
2022.03.21,,Deadly shelling in Ukraine’s Kyiv flattens shopping mall,"Russia has shelled houses and a shopping area in Kyiv’s Podil district, killing at least four people",https://www.aljazeera.com/gallery/2022/3/21/photos-smouldering-scenes-of-shelling-close-to-central-kyiv,,,,,,,,,,,,,,,,,,,,,,,,,,,1,
2022.03.23,"Mar, 23. Russia orders gas payments in rubles by March 31",Russia orders gas payments in rubles by March 31,"The Russian president on Monday instructed the government, central bank, and Gazprom company to switch to rubles by March 31 the payments for the deliveries of gas to “unfriendly countries.”",https://www.aa.com.tr/en/russia-ukraine-war/russia-orders-gas-payments-in-rubles-by-march-31/2547915,1,,,,1,1,,,,,,,,,,,,,,,,,,,,,,
2022.03.24,,Kharkiv cluster bombing,"Russian missile strike hit a shopping mall parking lot near the Akademika Pavlova metro station. At the time, hundreds of people were waiting outside a post office in the mall to obtain humanitarian aid. After the strike, the people panicked and ran away from the scene of the crime. A rocket strike by the Russian Armed Forces killed 6 civilians and wounded 15 more during the battle of Kharkiv",https://en.wikipedia.org/wiki/March_2022_Kharkiv_cluster_bombing,,,,,,,,,,,,,,,,,,,,,,,,,,,1,
2022.03.26,,Russian forces attacked the western Ukrainian city of Lviv,"Lviv, western Ukrainian city until now spared from Russian assault, rocked by powerful explosions. One of the strikes hit a fuel storage facility, causing it to catch fire, and a later strike caused ""significant damage"" to the city's infrastructure facilities, according to the city's mayor, Andriy Sadovyi.",https://edition.cnn.com/2022/03/26/europe/lviv-ukraine-attack-saturday-intl/index.html,,,,,,,,,,,,,,,,,,,,,,,,,,,1,
2022.03.27,,Russian forces allegedly damaged another Holocaust memorial in Ukraine,"Jewish groups have condemned a missile attack near a Holocaust memorial park in Kyiv, which commemorates the murder of Jews by the Nazis in World War Two. Babyn Yar was the site of one of the largest mass killings, where Jewish people were lined up and shot.",https://www.bbc.com/news/world-europe-60588885,,,,,,,,,,,,,,,,,,,,,,,,,,,1,
2022.03.28,"Mar, 28. G7 rejects Russia's demand to pay for gas in rubles ",G7 rejects Russia's demand to pay for gas in rubles ,"The Group of Seven major economies have agreed to reject Moscow’s demand to pay for Russian natural gas exports in rubles, the German energy minister said Monday. Robert Habeck told reporters that “all G7 ministers agreed completely that this (would be) a one-sided and clear breach of the existing contracts” for natural gas, which is used to heat homes, generate electricity and power industry.",https://www.euronews.com/2022/03/28/g7-rejects-russia-s-demand-to-pay-for-gas-in-rubles,1,,,,1,1,,,,,,,,,,,,,,,,,,,,,,
2022.03.29,"Mar, 29. Russia decided to ""drastically reduce"" military activity in the Kiev and Chernihiv directions. ",Deputy Minister of Defense of the Russian Federation declared that Russia decided to drastically reduce military activity in the Kiev and Chernihiv directions.,"Moscow says it will “drastically reduce military activity” on two fronts — Kyiv and Chernihiv — according to the Russian Ministry of Defense Telegram channel. Russian Deputy Defense Minister Alexander Fomin confirmed ""to radically, at times, reduce military activity,"" according to state media RIA. The move follows talks between Russian and Ukrainian delegations in Istanbul on Tuesday.",https://edition.cnn.com/europe/live-news/ukraine-russia-putin-news-03-29-22/h_05b5d57fd38ef2bd90c0be7fb3481f4a,,,,,,,,,,,,,,,,1,1,,,,,,,,,,1,
2022.03.29,,Russian and Ukrainian negotiators meet in Istanbul.,Ukraine puts forward a detailed proposal of neutrality.,https://www.reuters.com/world/europe/ukraine-sets-ceasefire-goal-new-russia-talks-breakthrough-looks-distant-2022-03-29/?utm_source=Sailthru&utm_medium=newsletter&utm_campaign=daily-briefing,,,,,,,,,,,,,,,,,,,,,,,,,,,,
2022.03.30,,Russia-Ukraine war: Several killed in Mykolaiv attack,"At least 12 were killed and 33 others wounded when a Russian rocket hit a regional government building in the southern Ukrainian port city, local authorities say. Mykolaiv, or Nikolaev, is a city near the Black Sea in southern Ukraine.",https://www.aljazeera.com/news/2022/3/29/seven-people-killed-22-wounded-in-ukraines-mykolaiv-attack,,,,,,,,,,,,,,,,,,,,,,,,,,,1,
2022.03.31,,"
Chernobyl nuclear power plant returned to Ukrainian control","On February 24, 2022, during the Russian invasion of Ukraine, she was captured by the Russian military. After the capture, the station turned out to be de-energized and switched to emergency temporary diesel generators. It has become impossible for the central authorities in Kyiv to remotely control the parameters of nuclear and radiation safety at the facility. Chernobyl, the site of the world's worst nuclear disaster, fell into the hands of Russian troops in the first week of the war in Ukraine, in late February. 

On March 31, Russian troops announced their intention to leave and handed over control to Ukrainian personnel. The plant is now back under the control of Ukrainian authorities.

С момента захвата на станции были блокированы 210 человек, из них 103 сотрудника станции и 4 сталкера, оказавшихся в тот день в зоне отчуждения.","https://www.iaea.org/newscenter/pressreleases/update-38-iaea-director-general-statement-on-situation-in-ukraine
https://ru.wikipedia.org/wiki/%D0%97%D0%B0%D1%85%D0%B2%D0%B0%D1%82_%D0%A7%D0%B5%D1%80%D0%BD%D0%BE%D0%B1%D1%8B%D0%BB%D1%8C%D1%81%D0%BA%D0%BE%D0%B9_%D0%90%D0%AD%D0%A1",,,,,,,,,,,,,,,,,,,,,,,,,,,,
2022.04.01,,Russia begin enforcing ruble payments for its natural gas exports,"The Russian President’s decision to enforce rouble payments has boosted the Russian currency, which fell to historic lows after the February 24 invasion. “In order to purchase Russian natural gas, they must open rouble accounts in Russian banks. It is from these accounts that payments will be made for gas delivered starting from tomorrow,” Putin said in televised remarks.",https://www.rferl.org/a/russia-putin-ruble-gas-payments/31774413.html,,,,,,,,,,,,,,,,,,,,,,,,,,,,
2022.04.03,"Apr, 3.Ukrainian forces retaking control over the Kyiv region are reporting horrors from Bucha.",Bucha massacre.,"Kyiv region was under control of russian trops from 5 till 30 March. After Ukrainian forces retaking control over, they find a lot of horrors include bodies of men who were apparently killed execution-style, some with their hands tied behind their backs. According to the mayor and other local authorities, approximately 1,300 bodies have been recovered from the town and surrounding areas, including 31 children. Ukrainian officials are urging third-party organizations such as the International Criminal Court to send investigators, and Human Rights Watch says it has documented several cases of apparent war crimes committed by Russian troops. Russia's defense ministry has denied the accusations and also called it ""fakes"".","https://en.wikipedia.org/wiki/Bucha_massacre
https://www.usatoday.com/picture-gallery/news/world/2022/04/04/bucha-ukraine-killing/7267827001/
https://www.nytimes.com/2022/04/04/world/europe/bucha-ukraine-bodies.html
https://www.bbc.com/news/60981238
https://abcnews.go.com/International/photos-show-devastation-bucha-wake-russian-invasion/story?id=83872938
https://meduza.io/feature/2022/04/03/bucha-prigorody-kieva-samye-strashnye-kadry-etoy-voyny
https://edmo.eu/2022/04/06/fact-checking-russian-disinformation-about-buchas-massacre-part-2/",,,,,,,,,,,,,,,,1,,,1,1,,,,,,,1,1
2022.04.03,,Air raids rocked Ukraine's strategic Black Sea port Odesa ,"Air strikes rocked Ukraine’s strategic Black Sea port Odessa early Sunday morning, according to an interior ministry official",https://english.alarabiya.net/News/world/2022/04/03/Air-strikes-hit-Ukraine-s-strategic-port-of-Odessa,,,,,,,,,,,,,,,,,,,,,,,,,,,1,
2022.04.06,"Apr, 6. Hungary ready to pay for Russian gas in rubles, says Viktor Orban","Hungary ready to pay for Russian gas in rubles, says Viktor Orban","Hungary said on Wednesday it was prepared to pay roubles for Russian gas, breaking ranks with the European Union which has sought a united front in opposing Moscow's demand for payment in the currency.",https://www.business-standard.com/article/international/hungary-ready-to-pay-for-russian-gas-in-rubles-says-viktor-orban-122040601585_1.html,1,,,,,1,,,,,,,,,,,,,,,,,,,,,,
2022.04.07,,Bombing of Borodianka,"The Russian Armed Forces completely destroyed Borodyanka near Kyiv. The town of Borodianka was bombed extensively by the Russian Armed Forces during the 2022 Russian invasion of Ukraine. On the territory of Borodyanka, as the chief of staff of the Ministry of Internal Affairs Denis Monastyrsky, there is not a single military facility, but the RF Armed Forces did not send and completely destroyed the settlement.","https://focus.ua/uk/voennye-novosti/511627-vs-rf-polnostyu-razrushili-borodyanku-pod-kievom-gschs-ishchet-dobrovolcev-spasateley-foto
https://focus.ua/uk/voennye-novosti/511741-pod-zavalami-domov-v-borodyanke-nashli-uzhe-26-pogibshih-venediktova-foto
https://en.wikipedia.org/wiki/Bombing_of_Borodianka",,,,,,,,,,,,,,,,,,,,,,,,,,,1,
2022.04.08,"Apr, 8. Sanctions Wave #5 after Bucha: personal, coal, fertilizers, no gas payments in rubles, freezing assets, electronics and weapons export","Fifth round of sanctions introduced: Ban on imports of coal, exports of electronics and weapons to Russia, and payments for energy resources in rubles. Personal sanctions, cessation of interinstitutional cooperation. Freezing of bank assets.","In light of Russia’s continuing war of aggression against Ukraine, and the reported atrocities committed by Russian armed forces in Ukraine, the Council decided today to impose a fifth package of economic and individual sanctions against Russia.",https://www.consilium.europa.eu/en/press/press-releases/2022/04/08/eu-adopts-fifth-round-of-sanctions-against-russia-over-its-military-aggression-against-ukraine/?utm_source=dsms-auto&utm_medium=email&utm_campaign=EU+adopts+fifth+round+of+sanctions+against+Russia+over+its+military+aggression+against+Ukraine,1,1,,,,,,,,,,,,,,,,,,,,,,,,,,
2022.04.08,"Apr, 8. Russian fertilizers embargo with the fifth sanctions wave",,,https://www.just-food.com/special-focus/ukraine-crisis/russian-seafood-fertiliser-feature-in-eus-fifth-round-of-sanctions/,1,,,,,,1,,,,,,,,,,,,,,,,,,,,,
2022.04.08,,Missile strike on Kramatorsk railway station,"a Tochka missile struck a railway station in Kramatorsk, where up to 4,000 civilians, mostly women and children, were waiting to evacuate the city. Ukrainian officials accused Russia of carrying out the attack, and stated that between 98 and 300 civilians were wounded in the strike and at least 50 killed, including 5 children.","https://en.wikipedia.org/wiki/Kramatorsk_railway_station_attack
https://edition.cnn.com/europe/live-news/ukraine-russia-putin-news-04-08-22/index.html",,,,,,,,,,,,,,,,,,,,,,,,,,,1,1
2022.04.10,"Apr, 10. Russian forces completely isolated Azovstal steel plant",The siege Azovstal started,"The Ukrainian metallurgical plant Azovstal became a hotbed of resistance for the Ukrainian army in response to Russia's aggression against Ukraine. From the very beginning of the battles for Mariupol, a large number of people took refuge at the plant. As of April 20, 2022, the number of military personnel was approximately 3 thousand people, and civilians - at least 200. On April 10, more than a month after the start of the invasion, Russian forces completely isolated the Ukrainian military personnel remaining on the territory of the Azovstal plant, however, due to the fortification work carried out by the Ukrainian forces and the complex structure of Azovstal, the ground assault was greatly complicated",https://www.understandingwar.org/backgrounder/russian-offensive-campaign-assessment-april-11,,,,,,,,,,,,,,,,,,,,,,,,1,,,,
2022.04.11,"Apr, 11. EU confirms ban to end all Russian coal imports by 10 August",EU confirms ban to end all Russian coal imports by 10 August,"All Russian coal and other solid fossil fuels imports to the EU must stop by 10 August under the bloc’s fifth package of sanctions against Russia in force since Saturday. Only contracts concluded before Saturday to buy, import or transfer Russian coal, directly or indirectly, and any contracts related to them, could continue until 10 August, the EU confirmed in its Official Journal late on Friday.",https://www.montelnews.com/news/1312326/eu-confirms-ban-to-end-all-russian-coal-imports-by-10-august,1,,,,1,1,,,,,,,,,,,,,,,,,,,,,,
2022.04.11,,"Ukrainian officials say at least 1,200 civilians have been killed in the Kyiv area.","Ukraine's prosecutor general says the bodies of at least 1,200 civilians have been recovered around the capital, Kyiv. The office is also investigating possible war crimes.

Recovery efforts continue in the suburbs, cities and towns outside of Kyiv. Bodies are being found in basements and manholes and being recovered from destroyed buildings and homes.

Russia's troops have fully left the Kyiv region, moving back over the border into Belarus and Russia.

Ukraine is repositioning many of its troops to the east, but soldiers and officials whom NPR talked to say they're not leaving the capital undefended. There are lingering concerns that Russia could renew its attack on the region.",https://www.npr.org/live-updates/ukraine-russia-india-commander-04-11-2022#ukrainian-officials-say-at-least-1-200-civilians-were-killed-in-the-kyiv-area,,,,,,,,,,,,,,,,,,,,,,,,,,,,
2022.04.12,"Apr, 12. A bill on the possibility of nationalising foreign companies that have left the Russian market has been sent to the Russian parliament.",,,https://www.wsj.com/livecoverage/russia-ukraine-latest-news-2022-04-12/card/russia-advances-law-on-nationalizing-assets-of-foreign-companies-XT2HMh3ljjvy0magt318,1,,,1,,,,,,,,,,,,,,,,,,,,,,,,
2022.04.12,"Apr, 12. During a speech about surging inflation, US President Joe Biden appeared to accuse Russia's Vladimir Putin of genocide.",Biden accuses Russia of 'genocide' in Ukraine,,https://www.bbc.com/news/av/world-us-canada-61089381,,,,,,,,,,,,,,,,,,,,,,,,1,,,,
2022.04.14,,"The Russian warship Moskva, the flagship of the Russian Navy's Black Sea Fleet, sank","Russia’s Black Sea flagship missile cruiser, the Moskva, sank while being towed to port after an explosion caused by an unexplained fire, the Russian defence ministry has said, after Ukraine said it had hit the ship with a missile or missiles.",https://www.theguardian.com/world/2022/apr/14/russia-moskva-cruiser-sunk-stormy-seas-defense-ministry,,,,,,,,,,,,,,,,,,,,,,,,,,,1,
2022.04.15,"Apr, 15. Armenia started paying in rubles for Russian gas",Economy minister: Armenia has started paying in rubles for Russia natural gas,"Armenia has started paying in Russian rubles for the Russian natural gas. The minister of economy of Armenia, Vahan Kerobyan, said this in an interview with RBC.",https://armenia-today.com/50059-economy-minister-armenia-has-started-paying-in-rubles-for-russia-natural-gas.html,1,,,,1,1,,,,,,,,,,,,,,,,,,,,,,
2022.04.15,,Kharkiv cluster bombing,"n the afternoon hours, during the battle of Kharkiv, the Russian Army fired 9N210/9N235 cluster bombs into the Industrialnyi District, striking a residential area and a playground in the Myru Street. Nine civilians died and 35 were injured, including children.","https://en.wikipedia.org/wiki/April_2022_Kharkiv_cluster_bombing
https://www.amnesty.org/en/latest/news/2022/06/ukraine-hundreds-killed-in-relentless-russian-shelling-of-kharkiv-new-investigation/",,,,,,,,,,,,,,,,,,,,,,,,,,,1,
2022.04.17,,"The Russian Defense Ministry said on Sunday that it destroyed an ammunition factory near the city of Brovary, in the Kyiv region, overnight.",,https://www.npr.org/live-updates/russia-invades-ukraine-2022-04-17#russia-renews-attacks-on-kyiv-region-after-retreating-from-the-capital,,,,,,,,,,,,,,,,,,,,,,,,,,,1,
2022.04.17,,A Ukrainian photojournalist who had been missing since March 13 was found dead in a village north of Kyiv,"A Ukrainian photojournalist who went missing last month in a combat zone near Kyiv has been found dead, Ukrainian officials confirm. Maks Levin, 40, was killed with two gunshots, allegedly fired by the Russian military. The office of Ukraine's prosecutor general said they found Levin's body in a village north of Kyiv on Friday.",https://www.npr.org/live-updates/russia-invades-ukraine-2022-04-02#the-body-of-a-missing-ukrainian-photojournalist-has-been-found,,,,,,,,,,,,,,,,,,,,,,,,,,,1,
2022.04.18,,"Russian forces launch a new, large-scale offensive in east Ukraine to take full control of the Luhansk and Donetsk oblasts.",,https://www.criticalthreats.org/analysis/russian-offensive-campaign-assessment-april-18,,,,,,,,,,,,,,,,,,,,,,,,,,,,
2022.04.20,"April,20. Russia tested new ballistic missile",Russia tested new new ballistic missile,Russian President Vladimir Putin announced Wednesday that his military successfully test-launched an intercontinental ballistic missile with the potential to carry a large nuclear payload,https://www.washingtonpost.com/world/2022/04/20/satan-2-icbm/,,,,,,,,1,,,,,,,,,,,,,,,,,,,,
2022.04.22,"April, 22. U.S. Deputy Secretary of State Victoria Nuland said the United States is preparing to give HIMARS and M270 MLRS multiple launch rocket systems to Ukraine",,,https://www.eurointegration.com.ua/interview/2022/04/22/7138250/,,,,,,,,,1,,,,,,,,,,,,,,,,,,,
2022.04.23,,Missile attack on Odesa,"The missile strike hit a military facility and two residential buildings, killing eight civilians and wounding 18 or 20, according to Ukraine. Russia confirmed the attack stating the facility targeted was a logistic terminal at a military airfield that housed US and European weapons given to Ukraine.",https://en.interfax.com.ua/news/general/826624.html,,,,,,,,,,,,,,,,,,,,,,,,,,,1,1
2022.04.25,,"Transniestria, a pro-Russian region in Moldova claims blasts hit a ministry and two radio masts, blaming Ukraine",,https://www.bbc.com/news/world-europe-61233095,,,,,,,,,,,,,,,,,,,,,,,,,,,,
2022.04.27,"Mar, 24. Russian forces have used tear gas and stun grenades to disperse a pro-Ukrainian rally in the occupied city of Kherson",Pro-Ukraine Rally Dispersed By Russians In Kherson After City Administration Forced Out,,https://www.rferl.org/a/kherson-ukrainian-rally-dispersed/31824009.html,,,,,,,,,,,,,,,,,,,,,,,,,1,,,
2022.04.27,"Apr, 27. Russia shuts off gas supplies to Poland and Bulgaria",Russia shuts off gas supplies to Poland and Bulgaria,"Russian state energy giant Gazprom said in a statement Wednesday that it had fully halted supplies to Polish gas company PGNiG and Bulgaria’s Bulgargaz after they refused to meet a demand by Moscow to pay in rubles, rather than euros or dollars.",https://edition.cnn.com/2022/04/26/energy/poland-russia-gas/index.html,1,,,,,1,,,,,,,,,,,,,,,,,,,,,,
2022.04.27,,"Russia cuts off gas flows to Bulgaria and Poland, allegedly for refusing to pay for gas in roubles.","Mysterious explosions in Transnistria, a breakaway Russian-controlled territory in Moldova bordering on Ukraine, have raised fears that the Ukraine conflict may be spreading.

Separatist authorities said Ukrainian ""infiltrators"" were responsible. But Ukrainian President Volodymyr Zelensky has blamed Russian special services.",https://www.reuters.com/business/energy/gazprom-says-it-halts-gas-supplies-poland-bulgaria-payments-row-2022-04-27/,,,,,,,,,,,,,,,,,,,,,,,,,,,,
2022.04.27,,Russian forces attacked and destroyed the Zatoka bridge,Russian forces attacked and destroyed the Zatoka bridge with the aim of disconnect the city of Odesa with the rest of the country at the east of Dniester river.,https://atalayar.com/en/content/russia-bombs-strategic-zatoka-bridge-bid-cut-part-odessa,,,,,,,,,,,,,,,,,,,,,,,,,,,1,
2022.04.28,,Ukraine claims Russia fired two missiles into Kyiv during UN Secretary General Antonio Guterres visit to the war-torn country.,,"https://www.cbc.ca/news/world/ukraine-russia-eastern-operation-intensifies-1.6433719#:~:text=World-,Russian%20attack%20targets%20Ukrainian%20capital%20amid%20UN%20chief's%20visit%20to,Russian%20forces%20retreated%20weeks%20ago.",,,,,,,,,,,,,,,,,,,,,,,,,,,,
2022.04.28,,A series of blasts was heard in the early hours of Wednesday in the Russian city Belgorod near the Ukrainian border,,https://www.reuters.com/world/europe/blasts-heard-russian-city-belgorod-near-border-with-ukraine-witnesses-2022-04-03/,,,,,,,,,,,,,,,,,,,,,,,,,,,,
2022.05.01,"May, 1. Evacuations for civilians were carry out from the Azovstal steel factory in Mariupol. Around 100 civilians was being evacuated.

",Evacuation from Mariupol's Azovstal steelworks,More than 100 Ukrainian civilians evacuated from Mariupol's Azovstal steelworks.,https://www.nytimes.com/2022/05/01/world/europe/mariupol-steel-plant-evacuation.html,,,,,,,,,,,,,,,,1,,1,,,,,1,1,,,,
2022.05.01,,Odesa airport runway ‘destroyed’,Russian forces destroyed the newly built runway of the Odesa Airport,https://www.aljazeera.com/news/2022/5/1/russia-ukraine-war-odesa-airport-runway-destroyed,,,,,,,,,,,,,,,,,,,,,,,,,,,1,
2022.05.01,"May, 1. Ruble zone was introduced in Kherson region, the territory under control of Russian military",Ruble zone was introduced in Kherson region,,https://www.bbc.com/news/world-europe-61286505,,,,,,,,,,,,,,,,,,,,,,,,,1,,,
2022.05.04,"May, 4. European Commission chief announces further Russia sanctions, including oil, banks, broadcasters",,,https://www.euractiv.com/section/global-europe/news/commission-chief-announces-further-russia-sanctions-including-oil-banks-broadcasters/,1,1,,,,,,,,,,,,,,,,,,,,,,,,,,
2022.05.05,"May, 5. EU announced 3 major Russian banks (inc. Sberbank) to be disconnected from SWIFT",EU announces removing the largest (Sberbank) and two major banks from Swift network,,https://www.spglobal.com/marketintelligence/en/news-insights/latest-news-headlines/sanctions-against-russia-8211-a-timeline-69602559,1,,1,,,,,,,,,,,,,,,,,,,,,,,,,
2022.05.07,,Odesa bombing,"The city was bombed, with four missiles hitting a civilian building and another two on the city airport",https://www.nytimes.com/live/2022/05/07/world/ukraine-russia-war-news,,,,,,,,,,,,,,,,,,,,,,,,,,,1,
2022.05.07,,a bomb strikes a village school in Bilohorivka,"At least 60 people are feared dead after a bomb strikes a village school in Bilohorivka, eastern Ukraine","https://www.bbc.com/news/world-europe-61369229
https://www.hindustantimes.com/world-news/more-than-60-feared-dead-in-bombing-of-ukrainian-school-101652050776204.html",,,,,,,,,,,,,,,,,,,,,,,,,,,1,
2022.05.09,,Russia fired three Kinzhal missiles to Odesa Oblast.,"At that time, President of the European Council Charles Michel and Prime Minister of Ukraine Denys Shmyhal were in Odesa and had to hide in a bomb shelter. In the evening of the same day, Russian troops fired rockets at three warehouses in Odesa and a shopping centre in the village of Fontanka near the city. One person was killed, and two people were injured in the warehouses, and three people were injured in the mall.",https://www.bbc.com/russian/news-61391346,,,,,,,,,,,,,,,,,,,,,,,,,,,1,
2022.05.09,"May, 9. Victory Day. A holiday that commemorates the victory over Nazi Germany in 1945",,,,,,,,,,,,,,,,,,,,,,,,1,,,1,,,,
2022.05.12,,Finland announces it will seek NATO membership,,https://www.aljazeera.com/news/2022/5/12/finland-must-apply-to-join-nato-without-delay-finnish-leaders,,,,,,,,,,,,,,,,,,,,,,,,,,,,
2022.05.17,"May, 17. Ukraine’s military declares the end to the Azovstal operation in Mariupol ",Ukraine’s military declares an end to the Azovstal operation in Mariupol. ,,https://www.aljazeera.com/news/2022/5/16/russian-shelling-kills-civilians-in-donbas-ukraine-says-liveblog,,,,,,,,,,,,,,,,1,,1,,,,,1,1,,,,
2022.05.18,"May,18. Finland and Sweden simultaneously handed in their official letters of application to join NATO",Finland and Sweden formally apply to join the NATO alliance.,,https://www.nato.int/cps/en/natohq/news_195468.htm,,,,,,,,1,,,,,,,,,,,,,,,,,,,,
2022.05.20,"May, 20. Russian army takes control of Mariupol’s Azovstal steel plant",Russian army takes control of Mariupol’s Azovstal steel plant,"Military operations on the territory of the Mariupol metallurgical plant Azovstal and its environs took place as part of the battles for Mariupol during the Russian invasion of Ukraine from March 18 to May 20, 2022. On 16 May, Agreements were reached, according to which Ukrainian servicemen surrender, and the Russian side takes them out of the territory of Azovstal to the territory controlled by the DPR. On May 20,  the surrender of all Ukrainian servicemen",https://www.theguardian.com/world/2022/may/20/russian-army-takes-control-of-mariupols-azovstal-steel-plant,,,,,,,,,,,,,,,,1,,1,,,,,1,1,,,1,
2022.05.21,"May, 21. Russia halts gas supplies to Finland",Russia halts gas supplies to Finland,"Helsinki has been refusing to pay for its supplies in roubles. But the cut-off also follows an announcement that Finland will apply for Nato membership. Despite its invasion of Ukraine on 24 February, Russia continues to supply gas to many European countries.",https://www.bbc.com/news/world-europe-61524933,1,,,,,1,,,,,,,,,,,1,,,,,,,,,,,
2022.05.22,"May, 22. Cessation of Russian gas, oil, electricity imports by Lithuania",The cessation of gas imports from Russia by Lithuania,"The Ministry of Energy of the Republic of Lithuania announced that from May 22, Lithuania will no longer receive gas, oil and electricity from Russia.","https://www.republicworld.com/world-news/russia-ukraine-crisis/lithuania-announces-cessation-of-russian-oil-gas-and-electricity-imports-from-may-22-articleshow.html#:~:text=The%20Ministry%20of%20Energy%20of,oil%20and%20electricity%20from%20Russia.&text=Image%3A%20Twitter-,The%20Ministry%20of%20Energy%20of%20the%20Republic%20of%20Lithuania%20announced,oil%20and%20electricity%20from%20Russia.",1,,,,,1,,,,,,,,,,,1,,,,,,,,,,,
2022.05.23,"May, 23 Alexandr Lukashenko and Vladimir Putin met in Sochi",,,http://kremlin.ru/events/president/news/68460,,,,,,,,,,,,,,1,1,,,,,,,,,,,,,
2022.05.24,"May, 24. Adoption in the first reading of the bill on the nationalization of assets of foreign companies",Adoption in the first reading of the bill on the nationalization of assets of foreign companies,,https://www.wsj.com/livecoverage/russia-ukraine-latest-news-2022-05-24/card/russia-moves-ahead-with-bill-on-nationalizing-assets-of-foreign-companies-OQ8d2B8n2MlAdNKwQRKf,1,,,1,,,,,,,,,,,,,,,,,,,,,,,,
2022.05.26,,"Russian forces continue a slow encirclement of Severdonetsk, and are reportedly in possession of the northeastern portion of the city.",Ukrainian Deputy Defence Minister Anna Malyar says “fighting has reached its maximum intensity. The enemy is storming the positions of our troops in several directions simultaneously”.,https://t.me/stranaua/44113,,,,,,,,,,,,,,,,,,,,,,,,,,,,
2022.05.31,"May, 31. Russia halts gas supplies to Netherlands and some Danish and German companies",Russia cuts gas supplies to Netherlands and firms in Denmark and Germany,,https://www.theguardian.com/world/2022/may/31/russia-cuts-gas-supplies-dutch-state-trader-sanctions-war,1,,,,,1,,,,,,,,,,,,,,,,,,,,,,
2022.05.31,,Russian forces occupy the centre of Severdonetsk as Ukrainian troops make a tactical retreat.,,https://twitter.com/GeoConfirmed/status/1531013767928111104,,,,,,,,,,,,,,,,,,,,,,,,,,,1,
2022.05.31,,The EU bans Russian oil and petroleum products,"The EU bans Russian oil and petroleum products, following a decision on a sixth package of sanctions against Russia. A temporary exception is made for pipeline oil, after the objections of landlocked countries that they could not easily supply themselves by sea.",https://www.consilium.europa.eu/en/press/press-releases/2022/05/31/european-council-conclusions-on-ukraine-30-may-2022/,,,,,,,,,,,,,,,,,,,,,,,,,,,,
2022.06.03,"Jun, 3. Sanctions Wave #6: oil, mass media, freezing assets, technologies","Sixth round of sanctions introduced: Partial oil embargo, banks disconnection from swift announced, banning of Russian mass media, technological, financial, consulting restrictions, freezing of bank assets.",,https://ru.wikipedia.org/wiki/%D0%A1%D0%B0%D0%BD%D0%BA%D1%86%D0%B8%D0%B8_%D0%B2_%D1%81%D0%B2%D1%8F%D0%B7%D0%B8_%D1%81_%D0%B2%D1%82%D0%BE%D1%80%D0%B6%D0%B5%D0%BD%D0%B8%D0%B5%D0%BC_%D0%A0%D0%BE%D1%81%D1%81%D0%B8%D0%B8_%D0%BD%D0%B0_%D0%A3%D0%BA%D1%80%D0%B0%D0%B8%D0%BD%D1%83_(2022)#%D0%92%D1%82%D0%BE%D1%80%D0%BE%D0%B9_%D0%BF%D0%B0%D0%BA%D0%B5%D1%82_%D1%81%D0%B0%D0%BD%D0%BA%D1%86%D0%B8%D0%B9_(%D0%B7%D0%B0_%D0%B2%D1%82%D0%BE%D1%80%D0%B6%D0%B5%D0%BD%D0%B8%D0%B5_%D0%BD%D0%B0_%D0%A3%D0%BA%D1%80%D0%B0%D0%B8%D0%BD%D1%83),1,1,,,,,,,,,,,,,,,,,,,,,,,,,,
2022.06.04,,Russian governor says Ukraine hits border village,"Alexander Bogomaz, the Governor of Russia's Bryansk region, said that Ukrainian forces carried out strikes on a village in the region",https://www.reuters.com/article/ukraine-crisis-russia-strikes-idINL8N2XR07G,,,,,,,,,,,,,,,,,,,,,,,,,,,,
2022.06.06,"Jun, 6. EU adopts new sanctions to de-SWIFT Russian and Belarusian banks",,,https://www.retailbankerinternational.com/news/eu-adopts-new-sanctions/,1,,1,,,,,,,,,,,,,,,,,,,,,,,,,
2022.06.06,"Jun,6. Russian Foreign Minister Sergei Lavrov cancelled visit to Serbia after countries around Serbia closed their airspace.",,,https://www.bbc.com/russian/news-61701125,,,,,,,,,,,,,1,,1,,,,,,,,,,,,,
2022.06.07,"Jun,7. Former speaker of Poland Parlament offered to give a nuclear weapon to Ukraine. ",No garanties for Finland and Sweden about Nuclear weapons + Sikorsky statment ,,"https://www.rts.ch/info/monde/13147685-camille-grand-lotan-fait-tout-pour-que-ladhesion-de-la-suede-et-de-la-finlande-se-fasse-vite.html
https://espreso.tv/zakhid-mae-pravo-podaruvati-ukraini-yaderni-boegolovki-deputat-evroparlamentu-sikorskiy",,,,,,,,1,,,,,,,,,,,,,,,,,,,,
2022.06.14,,,,,,,,,,,,,,,,,,,,,,,,,,,,,,,,
2022.06.17,,"According to the Kremlin, the traitors will “disappear on their own” in Russia.","The Kremlin was convinced that those who are considered traitors today will choose themselves and disappear from Russian society in the midst of tensions caused by Moscow's military operations in Ukraine, said Dmitri Peskov, a spokesman for the President of the Russian Federation",https://www.infobae.com/en/2022/03/17/according-to-the-kremlin-the-traitors-will-disappear-on-their-own-in-russia/,,,,,,,,,,,,,,,,,,,,,,,,,,,,
2022.06.24,"Jun, 24. The President of Belarus arrived in Russia on an informal visit",,,https://tass.ru/politika/15010613?utm_source=google.com&utm_medium=organic&utm_campaign=google.com&utm_referrer=google.com,,,,,,,,,,,,,,1,1,,,,,,,,,,,,,
2022.06.25,"June, 25. Russian forces took control of the battered city of Severodonetsk in eastern Ukraine",Severodonetsk: Russia has full control of eastern city,,https://www.bbc.com/news/world-europe-61936820,,,,,,,,,,,,,,,,,,,,,,,,1,1,,,
2022.06.27,,Kremenchuk shopping mall attack,"he Russian Armed Forces fired two Kh-22 anti-ship missiles into central Kremenchuk, Poltava Oblast, hitting the Amstor shopping mall and the Kredmash road machinery plant. A fire broke out and the attack killed at least 20 people and injured at least 56. Russian media and officials carried conflicting stories about the attack.","https://en.wikipedia.org/wiki/Kremenchuk_shopping_mall_attack
https://www.reuters.com/world/europe/russian-missiles-hit-crowded-shopping-mall-central-ukraine-zelenskiy-2022-06-27/",,,,,,,,,,,,,,,,,,,,,,,,,,,1,
2022.06.28,"Jun, 28. Legalisation of ""parallel imports"" in russia","Putin signed a bill into law legalizing ""parallel imports""","The law protects Russian companies that import certain categories of goods without the permission of the intellectual property owner, the so-called parallel imports, from possible civil, administrative and criminal liability.","https://english.news.cn/20220629/fc036f94e0974224aaa983da224c484e/c.html#:~:text=MOSCOW%2C%20June%2028%20(Xinhua),prices%20amid%20Western%20economic%20sanctions",1,,,1,,,,,,,,,,,,,,,,,,,,,,,,
2022.06.30,"Jun, 30. End of Russian Partial Ban on Grain Exports",End of Russian Partial Ban on Grain Exports,,https://gro-intelligence.com/insights/russia-enacts-partial-ban-on-grain-exports-in-another-hit-to-global-wheat-supplies,1,,,,,,1,,,,,,,,,,,,,,,,,,,,,
2022.06.30,,Russian Duma passes law on retaliation against foreign media,"The lower house of the State Duma passed new laws allowing the Russian prosecutor-general to shut down foreign media from countries that have banned Russian media, due to bans on Russian media over the war in Ukraine.",https://www.reuters.com/world/europe/russian-duma-passes-law-retaliation-against-foreign-media-2022-06-30/,,,,,,,,,,,,,,,,,,,,,,,,,,,,
2022.06.30,,Российские военные отступили с острова Змеинный ,,,,,,,,,,,,,,,,,,,,,,,,,,,,,1,
2022.07.01,,Odesa oblast bombing,"three Kh-22 missiles fired from Tu-22M strategic bombers were fired into a 9-store apartment building and an recreational center in the settlement Serhiivka, Bilhorod-Dnistrovskyi Raion, Odesa Oblast. The whole section of the apartment building was destroyed. At least 21 people were killed and more than 38 wounded.","https://www.reuters.com/world/middle-east/ukraines-zelenskiy-celebrates-retaking-snake-island-2022-07-01/
https://en.wikipedia.org/wiki/Serhiivka_missile_strike",,,,,,,,,,,,,,,,,,,,,,,,,,,1,
2022.07.01,"Jul, 1. In July 2022, Nord Stream AG will temporarily close both lines of its pipeline for planned maintenance work",,,https://www.nord-stream.com/de/presse-info/pressemitteilungen/jaehrliche-wartungsarbeiten-der-nord-stream-pipeline-werden-im-juli-2022-stattfinden-524/,1,,,,1,,,,,,,,,,,,,,,,,,,,,,,
2022.07.02,,,"Two Britons, Andrew Hill and Dylan Healy, were charged by the Donetsk People's Republic as being mercenaries, the same charge that two other Britons, Shaun Pinner and Aiden Aslin, were convicted of in June and sentenced to death for",https://www.bbc.com/news/uk-62557923,,,,,,,,,,,,,,,,,,,,,,,,,,,,
2022.07.03,,хлопки в белгороде,,https://ria.ru/20220703/belgorod-1799852806.html,,,,,,,,,,,,,,,,,,,,,,,,,,,,
2022.07.03,"July, 3. Ukrainian forces withdrew from Lysychansk, a city in the Sievierodonetsk Raion of the Luhansk Oblast",Ukrainian troops left Lisichansk,,https://www.washingtonpost.com/world/2022/07/03/russia-ukraine-war-putin-news-live-updates/,,,,,,,,,,,,,,,,,,,,,,,,1,1,,,
2022.07.05,,Reported that Russian forces arranged a military base in the complex by deploying heavy self-propelled multiple rocket launcher BM-30 Smerch inside Zaporizhzhia Nuclear Power Station,,https://www.wsj.com/articles/russian-army-turns-ukraines-largest-nuclear-plant-into-a-military-base-11657035694,,,,,,,,,,,,,,,,,,,,,,,,,,,,
2022.07.06,,"Igor Konashenkov, the Russian defence ministry's chief spokesman, said that Russian air-launched high precision missiles had destroyed two U.S.-supplied HIMARS systems in Ukraine","The Ukrainian military denied the claim, calling it ""nothing more than a fake"".[645] The Russian military released video allegedly showing the attack, but it could not be independently verified",https://www.aljazeera.com/news/2022/7/6/russia-destroy-us-himar-weapons-in-ukraine-defence-ministry,,,,,,,,,,,,,,,,,,,,,,,,,,,1,
2022.07.07,,"Putin says Russia just starting in Ukraine, peace talks will get harder","""Today we hear that they want to defeat us on the battlefield. What can you say, let them try. We have heard many times that the West wants to fight us to the last Ukrainian. This is a tragedy for the Ukrainian people, but it seems that everything is heading towards this. Everyone should know that, by and large, we haven't started anything yet in earnest. At the same time, we don't reject peace talks. But those who reject them should know that the further it goes, the harder it will be for them to negotiate with us."" Mykhailo Podolyak, the Ukrainian chief negotiator, wrote on Twitter in response: ""There is no 'collective West' plan. Only a specific z-army which entered sovereign Ukraine, shelling cities and killing civilians. Everything else is a primitive propaganda. That's why Mr. Putin's mantra of the 'war to the last Ukrainian' is yet another proof of deliberate Russian genocide.""",https://www.reuters.com/world/europe/russias-putin-if-west-wants-beat-us-battlefield-let-them-try-2022-07-07/,,,,,,,,,,,,,,,,,,,,,,,,,,,,
2022.07.08,,"The governor of the Mykolaiv Oblast, Vitaly Kim, claimed that Russia had been using the surface-to-air S-300 missile system in a surface-to-surface capacity.",,https://www.thedrive.com/the-war-zone/russia-now-firing-s-300-surface-to-air-missiles-at-land-targets-in-ukraine-official,,,,,,,,,,,,,,,,,,,,,,,,,,,1,
2022.07.09,,Missile strike on Chasiv Yar,"A missile strike on two residential buildings in Chasiv Yar by the Russian army was carried out at 21:17 local time on 9 July 2022. 47 people were found dead under the rubble, and 9 wounded were rescued. Due to the impact, a five-story residential building partially collapsed.",https://www.theguardian.com/world/2022/jul/13/donetsk-town-of-chasiv-yar-reels-from-deadly-russian-rocket-strike,,,,,,,,,,,,,,,,,,,,,,,,,,,1,
2022.07.11,,Shelling of Kharkiv,"The mayor Ihor Terekhov said that the areas shelled were residential area with ""no military significance"", including several civilian houses, stores, a tire repair store, and a school. Reuters confirmed that at least one residential structure had been hit. Authorities said that six civilians had died, including a 17-year old teenager and his father","https://www.reuters.com/world/europe/russian-shelling-kills-three-wounds-28-kharkiv-ukraine-2022-07-11/
https://www.npr.org/2022/07/11/1110808126/russian-attacks-kharkiv",,,,,,,,,,,,,,,,,,,,,,,,,,,1,
2022.07.13,,North Korea recognised the independence of the Donetsk People's Republic (DPR) and the Luhansk People's Republic (LPR),Ukraine to introduce sanctions against the North Korean government.,https://www.reuters.com/world/north-korea-recognises-breakaway-russias-proxies-east-ukraine-2022-07-13,,,,,,,,,,,,,,,,,,,,,,,,,,,,
2022.07.14,,A missile strike in Vinnytsia killed 26 people.,"Over 90 innocent civilians were injured in the Russian rocket attack, which also hit a hospital, shopping mall, and damaged numerous residential buildings. 50 vehicles were also set ablaze in the shopping mall car park, with footage circulating on social media platforms showing thick black smoke filling the sky. 26 people are now confirmed to have died, including three children.

Russia's defence ministry said Thursday's cruise missile strike on the Ukrainian city of Vinnytsia was directed at a building where top officials from Ukraine's armed forces were meeting foreign arms suppliers.","https://www.kyivpost.com/russias-war/update-vinnytsia-attack-death-toll-reaches-26-exclusive-photos.html
https://www.reuters.com/world/europe/russia-says-building-struck-ukraines-vinnytsia-was-military-target-2022-07-15/",,,,,,,,,,,,,,,,,,,,,,,,,,,,1
2022.07.14,,"Russia started a ""volunteer mobilisation"". The Wagner Group also started recruiting prisoners.",,"
https://www.msn.com/en-gb/news/world/russian-army-needs-34000-more-soldiers-to-restore-full-force-in-ukraine/ar-AAZzX6E
https://en.wikipedia.org/wiki/Timeline_of_the_2022_Russian_invasion_of_Ukraine#cite_note-673",,,,,,,,,,,,,,,,,,,,,,,,,,,,
2022.07.15,,"Ukraine claimed that Russia was using the Zaporizhzhia Nuclear Power Station to store weapons, and as a base from which to fire them",,https://www.theguardian.com/world/live/2022/jul/16/russia-ukraine-war-air-raid-sirens-in-kyiv-as-russia-intensifies-long-range-bombardment-latest-updates#maincontent,,,,,,,,,,,,,,,,,,,,,,,,,,,,
2022.07.18,"Jul, 18. The Financial Times reported on the plans of the speaker of US House Speaker Nancy Pelosi to visit Taiwan",,,https://www.reuters.com/world/us/us-house-speaker-nancy-pelosi-visit-taiwan-august-ft-2022-07-19/,,,,,,,,,,,,1,,,1,,,,,,,,,,,,,
2022.07.19,,Himars missiles strike key Russian-held bridge in Kherson,"A Ukrainian missile strike has damaged a key bridge linking the Russian-occupied city of Kherson with the heavily militarised Russia-controlled Crimea, potentially disrupting further reinforcements.",https://www.telegraph.co.uk/world-news/2022/07/19/russia-ukraine-war-latest-news-putin-iryna-venediktova/,,,,,,,,,,,,,,,,,,,,,,,,,,,1,
2022.07.21,"Jul, 21. Sanctions Wave #7: gold, personal, technologies","Seventh round of sanctions introduced: Ban on operations with Russian gold, personal, technological sanctions",,https://ru.wikipedia.org/wiki/%D0%A1%D0%B0%D0%BD%D0%BA%D1%86%D0%B8%D0%B8_%D0%B2_%D1%81%D0%B2%D1%8F%D0%B7%D0%B8_%D1%81_%D0%B2%D1%82%D0%BE%D1%80%D0%B6%D0%B5%D0%BD%D0%B8%D0%B5%D0%BC_%D0%A0%D0%BE%D1%81%D1%81%D0%B8%D0%B8_%D0%BD%D0%B0_%D0%A3%D0%BA%D1%80%D0%B0%D0%B8%D0%BD%D1%83_(2022)#%D0%92%D1%82%D0%BE%D1%80%D0%BE%D0%B9_%D0%BF%D0%B0%D0%BA%D0%B5%D1%82_%D1%81%D0%B0%D0%BD%D0%BA%D1%86%D0%B8%D0%B9_(%D0%B7%D0%B0_%D0%B2%D1%82%D0%BE%D1%80%D0%B6%D0%B5%D0%BD%D0%B8%D0%B5_%D0%BD%D0%B0_%D0%A3%D0%BA%D1%80%D0%B0%D0%B8%D0%BD%D1%83),1,1,,,,,,,,,,,,,,,,,,,,,,,,,,
2022.07.21,,Kharkiv shelling,,https://apnews.com/article/russia-ukraine-kharkiv-government-and-politics-3d21de300eff094b127cb5958193255b,,,,,,,,,,,,,,,,,,,,,,,,,,,,
2022.07.21,,"The CEO of Metinvest, the company that owns the Azovstal iron and steel works, accused Russia of taking £500 million worth of steel from Ukraine",,https://www.bbc.com/news/business-62252704,,,,,,,,,,,,,,,,,,,,,,,,,,,,
2022.07.22,,Russia and Ukraine signed a U.N. and Turkey-brokered deal to free grain exports blockaded by Russia in Ukraine's Black Sea ports,,https://www.politico.eu/article/russia-and-ukraine-to-sign-grain-deal-friday-turkey-says/,,,,,,,,,,,,,,,,,,,,,,,,,,,,
2022.07.23,,"
Russia fires missiles at Odesa port hours after signing grain export deal","less than a day after signing a grain export deal with Ukraine, Russia launched Kalibr missiles at the Odesa sea trade port. According to Ukraine, two of the four missiles were intercepted. Russian officials told Turkey that Russia had ""nothing to do"" with the missile strike",https://www.theguardian.com/world/2022/jul/23/russia-fires-missiles-odesa-port-hours-after-grain-export-deal,,,,,,,,,,,,,,,,,,,,,,,,,,,1,
2022.07.24,,Russian's Defence Ministry claims to have destroyed 100 HIMARS missiles in a strike on Dnipropetrovsk. Reuters couldn't independently verify this claim.,"The claim is now of over 50 Ukrainian POWs killed, including captured members of the Azov Regiment at Mariupol. Russia claimed the prison was hit with HIMARS missiles and offered fragments of the rocket as proof. Ukraine is asking the UN and Red Cross to investigate.",https://timesofindia.indiatimes.com/world/rest-of-world/russia-says-its-strike-on-july-24-destroyed-100-himars-missiles/articleshow/93160458.cms,,,,,,,,,,,,,,,,,,,,,,,,,,,1,
2022.07.27,"Jul, 27. Russia has reduced gas supplies via the Nord Stream 1 pipeline by 20%",,,https://www.tagesschau.de/wirtschaft/gas-nord-stream-eins-gazprom-101.html,1,,,,1,1,,,,,,,,,,,,,,,,,,,,,,
2022.07.29,,"An explosion occurred at Olenivka prison, killing, according to RIA, 40 captured Ukrainian POWs and wounding 75. Ukraine's General Staff stated that the strike was committed by Russia to hide the torture and executions of Ukrainian prisoners of war.","Russian energy giant Gazprom says it has suspended gas supplies to Latvia - the latest EU country to experience such action amid tensions over Ukraine. Gazprom accused Latvia of violating conditions of purchase, but gave no details of that alleged violation.",https://www.reuters.com/world/europe/russia-40-ukrainian-pows-killed-by-ukrainian-missile-strike-donetsk-prison-2022-07-29/,,,,,,,,,,,,,,,,,,,,,,,,,,,,
2022.07.30,"Jul, 30. Gazprom stops Latvia's gas in latest Russian cut to EU",Gazprom stops Latvia's gas in latest Russian cut to EU,,https://www.bbc.com/news/world-europe-62359890,1,,,,,1,,,,,,,,,,,,,,,,,,,,,,